text,context,label
DCTN4,"DCTN4 as a modifier of chronic Pseudomonas aeruginosa infection in cystic fibrosis Pseudomonas aeruginosa (Pa) infection in cystic fibrosis (CF) patients is associated with worse long-term pulmonary disease and shorter survival, and chronic Pa infection (CPA) is associated with reduced lung function, faster rate of lung decline, increased rates of exacerbations and shorter survival. By using exome sequencing and extreme phenotype design, it was recently shown that isoforms of dynactin 4 (DCTN4) may influence Pa infection in CF, leading to worse respiratory disease. The purpose of this study was to investigate the role of DCTN4 missense variants on Pa infection incidence, age at first Pa infection and chronic Pa infection incidence in a cohort of adult CF patients from a single centre. Polymerase chain reaction and direct sequencing were used to screen DNA samples for DCTN4 variants. A total of 121 adult CF patients from the Cochin Hospital CF centre have been included, all of them carrying two CFTR defects: 103 developed at least 1 pulmonary infection with Pa, and 68 patients of them had CPA. DCTN4 variants were identified in 24% (29/121) CF patients with Pa infection and in only 17% (3/18) CF patients with no Pa infection. Of the patients with CPA, 29% (20/68) had DCTN4 missense variants vs 23% (8/35) in patients without CPA. Interestingly, p.Tyr263Cys tend to be more frequently observed in CF patients with CPA than in patients without CPA (4/68 vs 0/35), and DCTN4 missense variants tend to be more frequent in male CF patients with CPA bearing two class II mutations than in male CF patients without CPA bearing two class II mutations (P = 0.06). Our observations reinforce that DCTN4 missense variants, especially p.Tyr263Cys, may be involved in the pathogenesis of CPA in male CF.",T103
chronic Pseudomonas aeruginosa infection,"DCTN4 as a modifier of chronic Pseudomonas aeruginosa infection in cystic fibrosis Pseudomonas aeruginosa (Pa) infection in cystic fibrosis (CF) patients is associated with worse long-term pulmonary disease and shorter survival, and chronic Pa infection (CPA) is associated with reduced lung function, faster rate of lung decline, increased rates of exacerbations and shorter survival. By using exome sequencing and extreme phenotype design, it was recently shown that isoforms of dynactin 4 (DCTN4) may influence Pa infection in CF, leading to worse respiratory disease. The purpose of this study was to investigate the role of DCTN4 missense variants on Pa infection incidence, age at first Pa infection and chronic Pa infection incidence in a cohort of adult CF patients from a single centre. Polymerase chain reaction and direct sequencing were used to screen DNA samples for DCTN4 variants. A total of 121 adult CF patients from the Cochin Hospital CF centre have been included, all of them carrying two CFTR defects: 103 developed at least 1 pulmonary infection with Pa, and 68 patients of them had CPA. DCTN4 variants were identified in 24% (29/121) CF patients with Pa infection and in only 17% (3/18) CF patients with no Pa infection. Of the patients with CPA, 29% (20/68) had DCTN4 missense variants vs 23% (8/35) in patients without CPA. Interestingly, p.Tyr263Cys tend to be more frequently observed in CF patients with CPA than in patients without CPA (4/68 vs 0/35), and DCTN4 missense variants tend to be more frequent in male CF patients with CPA bearing two class II mutations than in male CF patients without CPA bearing two class II mutations (P = 0.06). Our observations reinforce that DCTN4 missense variants, especially p.Tyr263Cys, may be involved in the pathogenesis of CPA in male CF.",T038
cystic fibrosis,"DCTN4 as a modifier of chronic Pseudomonas aeruginosa infection in cystic fibrosis Pseudomonas aeruginosa (Pa) infection in cystic fibrosis (CF) patients is associated with worse long-term pulmonary disease and shorter survival, and chronic Pa infection (CPA) is associated with reduced lung function, faster rate of lung decline, increased rates of exacerbations and shorter survival. By using exome sequencing and extreme phenotype design, it was recently shown that isoforms of dynactin 4 (DCTN4) may influence Pa infection in CF, leading to worse respiratory disease. The purpose of this study was to investigate the role of DCTN4 missense variants on Pa infection incidence, age at first Pa infection and chronic Pa infection incidence in a cohort of adult CF patients from a single centre. Polymerase chain reaction and direct sequencing were used to screen DNA samples for DCTN4 variants. A total of 121 adult CF patients from the Cochin Hospital CF centre have been included, all of them carrying two CFTR defects: 103 developed at least 1 pulmonary infection with Pa, and 68 patients of them had CPA. DCTN4 variants were identified in 24% (29/121) CF patients with Pa infection and in only 17% (3/18) CF patients with no Pa infection. Of the patients with CPA, 29% (20/68) had DCTN4 missense variants vs 23% (8/35) in patients without CPA. Interestingly, p.Tyr263Cys tend to be more frequently observed in CF patients with CPA than in patients without CPA (4/68 vs 0/35), and DCTN4 missense variants tend to be more frequent in male CF patients with CPA bearing two class II mutations than in male CF patients without CPA bearing two class II mutations (P = 0.06). Our observations reinforce that DCTN4 missense variants, especially p.Tyr263Cys, may be involved in the pathogenesis of CPA in male CF.",T038
Pseudomonas aeruginosa (Pa) infection,"DCTN4 as a modifier of chronic Pseudomonas aeruginosa infection in cystic fibrosis Pseudomonas aeruginosa (Pa) infection in cystic fibrosis (CF) patients is associated with worse long-term pulmonary disease and shorter survival, and chronic Pa infection (CPA) is associated with reduced lung function, faster rate of lung decline, increased rates of exacerbations and shorter survival. By using exome sequencing and extreme phenotype design, it was recently shown that isoforms of dynactin 4 (DCTN4) may influence Pa infection in CF, leading to worse respiratory disease. The purpose of this study was to investigate the role of DCTN4 missense variants on Pa infection incidence, age at first Pa infection and chronic Pa infection incidence in a cohort of adult CF patients from a single centre. Polymerase chain reaction and direct sequencing were used to screen DNA samples for DCTN4 variants. A total of 121 adult CF patients from the Cochin Hospital CF centre have been included, all of them carrying two CFTR defects: 103 developed at least 1 pulmonary infection with Pa, and 68 patients of them had CPA. DCTN4 variants were identified in 24% (29/121) CF patients with Pa infection and in only 17% (3/18) CF patients with no Pa infection. Of the patients with CPA, 29% (20/68) had DCTN4 missense variants vs 23% (8/35) in patients without CPA. Interestingly, p.Tyr263Cys tend to be more frequently observed in CF patients with CPA than in patients without CPA (4/68 vs 0/35), and DCTN4 missense variants tend to be more frequent in male CF patients with CPA bearing two class II mutations than in male CF patients without CPA bearing two class II mutations (P = 0.06). Our observations reinforce that DCTN4 missense variants, especially p.Tyr263Cys, may be involved in the pathogenesis of CPA in male CF.",T038
cystic fibrosis,"DCTN4 as a modifier of chronic Pseudomonas aeruginosa infection in cystic fibrosis Pseudomonas aeruginosa (Pa) infection in cystic fibrosis (CF) patients is associated with worse long-term pulmonary disease and shorter survival, and chronic Pa infection (CPA) is associated with reduced lung function, faster rate of lung decline, increased rates of exacerbations and shorter survival. By using exome sequencing and extreme phenotype design, it was recently shown that isoforms of dynactin 4 (DCTN4) may influence Pa infection in CF, leading to worse respiratory disease. The purpose of this study was to investigate the role of DCTN4 missense variants on Pa infection incidence, age at first Pa infection and chronic Pa infection incidence in a cohort of adult CF patients from a single centre. Polymerase chain reaction and direct sequencing were used to screen DNA samples for DCTN4 variants. A total of 121 adult CF patients from the Cochin Hospital CF centre have been included, all of them carrying two CFTR defects: 103 developed at least 1 pulmonary infection with Pa, and 68 patients of them had CPA. DCTN4 variants were identified in 24% (29/121) CF patients with Pa infection and in only 17% (3/18) CF patients with no Pa infection. Of the patients with CPA, 29% (20/68) had DCTN4 missense variants vs 23% (8/35) in patients without CPA. Interestingly, p.Tyr263Cys tend to be more frequently observed in CF patients with CPA than in patients without CPA (4/68 vs 0/35), and DCTN4 missense variants tend to be more frequent in male CF patients with CPA bearing two class II mutations than in male CF patients without CPA bearing two class II mutations (P = 0.06). Our observations reinforce that DCTN4 missense variants, especially p.Tyr263Cys, may be involved in the pathogenesis of CPA in male CF.",T038
CF,"DCTN4 as a modifier of chronic Pseudomonas aeruginosa infection in cystic fibrosis Pseudomonas aeruginosa (Pa) infection in cystic fibrosis (CF) patients is associated with worse long-term pulmonary disease and shorter survival, and chronic Pa infection (CPA) is associated with reduced lung function, faster rate of lung decline, increased rates of exacerbations and shorter survival. By using exome sequencing and extreme phenotype design, it was recently shown that isoforms of dynactin 4 (DCTN4) may influence Pa infection in CF, leading to worse respiratory disease. The purpose of this study was to investigate the role of DCTN4 missense variants on Pa infection incidence, age at first Pa infection and chronic Pa infection incidence in a cohort of adult CF patients from a single centre. Polymerase chain reaction and direct sequencing were used to screen DNA samples for DCTN4 variants. A total of 121 adult CF patients from the Cochin Hospital CF centre have been included, all of them carrying two CFTR defects: 103 developed at least 1 pulmonary infection with Pa, and 68 patients of them had CPA. DCTN4 variants were identified in 24% (29/121) CF patients with Pa infection and in only 17% (3/18) CF patients with no Pa infection. Of the patients with CPA, 29% (20/68) had DCTN4 missense variants vs 23% (8/35) in patients without CPA. Interestingly, p.Tyr263Cys tend to be more frequently observed in CF patients with CPA than in patients without CPA (4/68 vs 0/35), and DCTN4 missense variants tend to be more frequent in male CF patients with CPA bearing two class II mutations than in male CF patients without CPA bearing two class II mutations (P = 0.06). Our observations reinforce that DCTN4 missense variants, especially p.Tyr263Cys, may be involved in the pathogenesis of CPA in male CF.",T038
pulmonary disease,"DCTN4 as a modifier of chronic Pseudomonas aeruginosa infection in cystic fibrosis Pseudomonas aeruginosa (Pa) infection in cystic fibrosis (CF) patients is associated with worse long-term pulmonary disease and shorter survival, and chronic Pa infection (CPA) is associated with reduced lung function, faster rate of lung decline, increased rates of exacerbations and shorter survival. By using exome sequencing and extreme phenotype design, it was recently shown that isoforms of dynactin 4 (DCTN4) may influence Pa infection in CF, leading to worse respiratory disease. The purpose of this study was to investigate the role of DCTN4 missense variants on Pa infection incidence, age at first Pa infection and chronic Pa infection incidence in a cohort of adult CF patients from a single centre. Polymerase chain reaction and direct sequencing were used to screen DNA samples for DCTN4 variants. A total of 121 adult CF patients from the Cochin Hospital CF centre have been included, all of them carrying two CFTR defects: 103 developed at least 1 pulmonary infection with Pa, and 68 patients of them had CPA. DCTN4 variants were identified in 24% (29/121) CF patients with Pa infection and in only 17% (3/18) CF patients with no Pa infection. Of the patients with CPA, 29% (20/68) had DCTN4 missense variants vs 23% (8/35) in patients without CPA. Interestingly, p.Tyr263Cys tend to be more frequently observed in CF patients with CPA than in patients without CPA (4/68 vs 0/35), and DCTN4 missense variants tend to be more frequent in male CF patients with CPA bearing two class II mutations than in male CF patients without CPA bearing two class II mutations (P = 0.06). Our observations reinforce that DCTN4 missense variants, especially p.Tyr263Cys, may be involved in the pathogenesis of CPA in male CF.",T038
chronic Pa infection,"DCTN4 as a modifier of chronic Pseudomonas aeruginosa infection in cystic fibrosis Pseudomonas aeruginosa (Pa) infection in cystic fibrosis (CF) patients is associated with worse long-term pulmonary disease and shorter survival, and chronic Pa infection (CPA) is associated with reduced lung function, faster rate of lung decline, increased rates of exacerbations and shorter survival. By using exome sequencing and extreme phenotype design, it was recently shown that isoforms of dynactin 4 (DCTN4) may influence Pa infection in CF, leading to worse respiratory disease. The purpose of this study was to investigate the role of DCTN4 missense variants on Pa infection incidence, age at first Pa infection and chronic Pa infection incidence in a cohort of adult CF patients from a single centre. Polymerase chain reaction and direct sequencing were used to screen DNA samples for DCTN4 variants. A total of 121 adult CF patients from the Cochin Hospital CF centre have been included, all of them carrying two CFTR defects: 103 developed at least 1 pulmonary infection with Pa, and 68 patients of them had CPA. DCTN4 variants were identified in 24% (29/121) CF patients with Pa infection and in only 17% (3/18) CF patients with no Pa infection. Of the patients with CPA, 29% (20/68) had DCTN4 missense variants vs 23% (8/35) in patients without CPA. Interestingly, p.Tyr263Cys tend to be more frequently observed in CF patients with CPA than in patients without CPA (4/68 vs 0/35), and DCTN4 missense variants tend to be more frequent in male CF patients with CPA bearing two class II mutations than in male CF patients without CPA bearing two class II mutations (P = 0.06). Our observations reinforce that DCTN4 missense variants, especially p.Tyr263Cys, may be involved in the pathogenesis of CPA in male CF.",T038
CPA,"DCTN4 as a modifier of chronic Pseudomonas aeruginosa infection in cystic fibrosis Pseudomonas aeruginosa (Pa) infection in cystic fibrosis (CF) patients is associated with worse long-term pulmonary disease and shorter survival, and chronic Pa infection (CPA) is associated with reduced lung function, faster rate of lung decline, increased rates of exacerbations and shorter survival. By using exome sequencing and extreme phenotype design, it was recently shown that isoforms of dynactin 4 (DCTN4) may influence Pa infection in CF, leading to worse respiratory disease. The purpose of this study was to investigate the role of DCTN4 missense variants on Pa infection incidence, age at first Pa infection and chronic Pa infection incidence in a cohort of adult CF patients from a single centre. Polymerase chain reaction and direct sequencing were used to screen DNA samples for DCTN4 variants. A total of 121 adult CF patients from the Cochin Hospital CF centre have been included, all of them carrying two CFTR defects: 103 developed at least 1 pulmonary infection with Pa, and 68 patients of them had CPA. DCTN4 variants were identified in 24% (29/121) CF patients with Pa infection and in only 17% (3/18) CF patients with no Pa infection. Of the patients with CPA, 29% (20/68) had DCTN4 missense variants vs 23% (8/35) in patients without CPA. Interestingly, p.Tyr263Cys tend to be more frequently observed in CF patients with CPA than in patients without CPA (4/68 vs 0/35), and DCTN4 missense variants tend to be more frequent in male CF patients with CPA bearing two class II mutations than in male CF patients without CPA bearing two class II mutations (P = 0.06). Our observations reinforce that DCTN4 missense variants, especially p.Tyr263Cys, may be involved in the pathogenesis of CPA in male CF.",T038
faster rate of lung decline,"DCTN4 as a modifier of chronic Pseudomonas aeruginosa infection in cystic fibrosis Pseudomonas aeruginosa (Pa) infection in cystic fibrosis (CF) patients is associated with worse long-term pulmonary disease and shorter survival, and chronic Pa infection (CPA) is associated with reduced lung function, faster rate of lung decline, increased rates of exacerbations and shorter survival. By using exome sequencing and extreme phenotype design, it was recently shown that isoforms of dynactin 4 (DCTN4) may influence Pa infection in CF, leading to worse respiratory disease. The purpose of this study was to investigate the role of DCTN4 missense variants on Pa infection incidence, age at first Pa infection and chronic Pa infection incidence in a cohort of adult CF patients from a single centre. Polymerase chain reaction and direct sequencing were used to screen DNA samples for DCTN4 variants. A total of 121 adult CF patients from the Cochin Hospital CF centre have been included, all of them carrying two CFTR defects: 103 developed at least 1 pulmonary infection with Pa, and 68 patients of them had CPA. DCTN4 variants were identified in 24% (29/121) CF patients with Pa infection and in only 17% (3/18) CF patients with no Pa infection. Of the patients with CPA, 29% (20/68) had DCTN4 missense variants vs 23% (8/35) in patients without CPA. Interestingly, p.Tyr263Cys tend to be more frequently observed in CF patients with CPA than in patients without CPA (4/68 vs 0/35), and DCTN4 missense variants tend to be more frequent in male CF patients with CPA bearing two class II mutations than in male CF patients without CPA bearing two class II mutations (P = 0.06). Our observations reinforce that DCTN4 missense variants, especially p.Tyr263Cys, may be involved in the pathogenesis of CPA in male CF.",T033
exacerbations,"DCTN4 as a modifier of chronic Pseudomonas aeruginosa infection in cystic fibrosis Pseudomonas aeruginosa (Pa) infection in cystic fibrosis (CF) patients is associated with worse long-term pulmonary disease and shorter survival, and chronic Pa infection (CPA) is associated with reduced lung function, faster rate of lung decline, increased rates of exacerbations and shorter survival. By using exome sequencing and extreme phenotype design, it was recently shown that isoforms of dynactin 4 (DCTN4) may influence Pa infection in CF, leading to worse respiratory disease. The purpose of this study was to investigate the role of DCTN4 missense variants on Pa infection incidence, age at first Pa infection and chronic Pa infection incidence in a cohort of adult CF patients from a single centre. Polymerase chain reaction and direct sequencing were used to screen DNA samples for DCTN4 variants. A total of 121 adult CF patients from the Cochin Hospital CF centre have been included, all of them carrying two CFTR defects: 103 developed at least 1 pulmonary infection with Pa, and 68 patients of them had CPA. DCTN4 variants were identified in 24% (29/121) CF patients with Pa infection and in only 17% (3/18) CF patients with no Pa infection. Of the patients with CPA, 29% (20/68) had DCTN4 missense variants vs 23% (8/35) in patients without CPA. Interestingly, p.Tyr263Cys tend to be more frequently observed in CF patients with CPA than in patients without CPA (4/68 vs 0/35), and DCTN4 missense variants tend to be more frequent in male CF patients with CPA bearing two class II mutations than in male CF patients without CPA bearing two class II mutations (P = 0.06). Our observations reinforce that DCTN4 missense variants, especially p.Tyr263Cys, may be involved in the pathogenesis of CPA in male CF.",T033
exome sequencing,"DCTN4 as a modifier of chronic Pseudomonas aeruginosa infection in cystic fibrosis Pseudomonas aeruginosa (Pa) infection in cystic fibrosis (CF) patients is associated with worse long-term pulmonary disease and shorter survival, and chronic Pa infection (CPA) is associated with reduced lung function, faster rate of lung decline, increased rates of exacerbations and shorter survival. By using exome sequencing and extreme phenotype design, it was recently shown that isoforms of dynactin 4 (DCTN4) may influence Pa infection in CF, leading to worse respiratory disease. The purpose of this study was to investigate the role of DCTN4 missense variants on Pa infection incidence, age at first Pa infection and chronic Pa infection incidence in a cohort of adult CF patients from a single centre. Polymerase chain reaction and direct sequencing were used to screen DNA samples for DCTN4 variants. A total of 121 adult CF patients from the Cochin Hospital CF centre have been included, all of them carrying two CFTR defects: 103 developed at least 1 pulmonary infection with Pa, and 68 patients of them had CPA. DCTN4 variants were identified in 24% (29/121) CF patients with Pa infection and in only 17% (3/18) CF patients with no Pa infection. Of the patients with CPA, 29% (20/68) had DCTN4 missense variants vs 23% (8/35) in patients without CPA. Interestingly, p.Tyr263Cys tend to be more frequently observed in CF patients with CPA than in patients without CPA (4/68 vs 0/35), and DCTN4 missense variants tend to be more frequent in male CF patients with CPA bearing two class II mutations than in male CF patients without CPA bearing two class II mutations (P = 0.06). Our observations reinforce that DCTN4 missense variants, especially p.Tyr263Cys, may be involved in the pathogenesis of CPA in male CF.",T062
isoforms,"DCTN4 as a modifier of chronic Pseudomonas aeruginosa infection in cystic fibrosis Pseudomonas aeruginosa (Pa) infection in cystic fibrosis (CF) patients is associated with worse long-term pulmonary disease and shorter survival, and chronic Pa infection (CPA) is associated with reduced lung function, faster rate of lung decline, increased rates of exacerbations and shorter survival. By using exome sequencing and extreme phenotype design, it was recently shown that isoforms of dynactin 4 (DCTN4) may influence Pa infection in CF, leading to worse respiratory disease. The purpose of this study was to investigate the role of DCTN4 missense variants on Pa infection incidence, age at first Pa infection and chronic Pa infection incidence in a cohort of adult CF patients from a single centre. Polymerase chain reaction and direct sequencing were used to screen DNA samples for DCTN4 variants. A total of 121 adult CF patients from the Cochin Hospital CF centre have been included, all of them carrying two CFTR defects: 103 developed at least 1 pulmonary infection with Pa, and 68 patients of them had CPA. DCTN4 variants were identified in 24% (29/121) CF patients with Pa infection and in only 17% (3/18) CF patients with no Pa infection. Of the patients with CPA, 29% (20/68) had DCTN4 missense variants vs 23% (8/35) in patients without CPA. Interestingly, p.Tyr263Cys tend to be more frequently observed in CF patients with CPA than in patients without CPA (4/68 vs 0/35), and DCTN4 missense variants tend to be more frequent in male CF patients with CPA bearing two class II mutations than in male CF patients without CPA bearing two class II mutations (P = 0.06). Our observations reinforce that DCTN4 missense variants, especially p.Tyr263Cys, may be involved in the pathogenesis of CPA in male CF.",T103
dynactin 4,"DCTN4 as a modifier of chronic Pseudomonas aeruginosa infection in cystic fibrosis Pseudomonas aeruginosa (Pa) infection in cystic fibrosis (CF) patients is associated with worse long-term pulmonary disease and shorter survival, and chronic Pa infection (CPA) is associated with reduced lung function, faster rate of lung decline, increased rates of exacerbations and shorter survival. By using exome sequencing and extreme phenotype design, it was recently shown that isoforms of dynactin 4 (DCTN4) may influence Pa infection in CF, leading to worse respiratory disease. The purpose of this study was to investigate the role of DCTN4 missense variants on Pa infection incidence, age at first Pa infection and chronic Pa infection incidence in a cohort of adult CF patients from a single centre. Polymerase chain reaction and direct sequencing were used to screen DNA samples for DCTN4 variants. A total of 121 adult CF patients from the Cochin Hospital CF centre have been included, all of them carrying two CFTR defects: 103 developed at least 1 pulmonary infection with Pa, and 68 patients of them had CPA. DCTN4 variants were identified in 24% (29/121) CF patients with Pa infection and in only 17% (3/18) CF patients with no Pa infection. Of the patients with CPA, 29% (20/68) had DCTN4 missense variants vs 23% (8/35) in patients without CPA. Interestingly, p.Tyr263Cys tend to be more frequently observed in CF patients with CPA than in patients without CPA (4/68 vs 0/35), and DCTN4 missense variants tend to be more frequent in male CF patients with CPA bearing two class II mutations than in male CF patients without CPA bearing two class II mutations (P = 0.06). Our observations reinforce that DCTN4 missense variants, especially p.Tyr263Cys, may be involved in the pathogenesis of CPA in male CF.",T103
DCTN4,"DCTN4 as a modifier of chronic Pseudomonas aeruginosa infection in cystic fibrosis Pseudomonas aeruginosa (Pa) infection in cystic fibrosis (CF) patients is associated with worse long-term pulmonary disease and shorter survival, and chronic Pa infection (CPA) is associated with reduced lung function, faster rate of lung decline, increased rates of exacerbations and shorter survival. By using exome sequencing and extreme phenotype design, it was recently shown that isoforms of dynactin 4 (DCTN4) may influence Pa infection in CF, leading to worse respiratory disease. The purpose of this study was to investigate the role of DCTN4 missense variants on Pa infection incidence, age at first Pa infection and chronic Pa infection incidence in a cohort of adult CF patients from a single centre. Polymerase chain reaction and direct sequencing were used to screen DNA samples for DCTN4 variants. A total of 121 adult CF patients from the Cochin Hospital CF centre have been included, all of them carrying two CFTR defects: 103 developed at least 1 pulmonary infection with Pa, and 68 patients of them had CPA. DCTN4 variants were identified in 24% (29/121) CF patients with Pa infection and in only 17% (3/18) CF patients with no Pa infection. Of the patients with CPA, 29% (20/68) had DCTN4 missense variants vs 23% (8/35) in patients without CPA. Interestingly, p.Tyr263Cys tend to be more frequently observed in CF patients with CPA than in patients without CPA (4/68 vs 0/35), and DCTN4 missense variants tend to be more frequent in male CF patients with CPA bearing two class II mutations than in male CF patients without CPA bearing two class II mutations (P = 0.06). Our observations reinforce that DCTN4 missense variants, especially p.Tyr263Cys, may be involved in the pathogenesis of CPA in male CF.",T103
Pa infection,"DCTN4 as a modifier of chronic Pseudomonas aeruginosa infection in cystic fibrosis Pseudomonas aeruginosa (Pa) infection in cystic fibrosis (CF) patients is associated with worse long-term pulmonary disease and shorter survival, and chronic Pa infection (CPA) is associated with reduced lung function, faster rate of lung decline, increased rates of exacerbations and shorter survival. By using exome sequencing and extreme phenotype design, it was recently shown that isoforms of dynactin 4 (DCTN4) may influence Pa infection in CF, leading to worse respiratory disease. The purpose of this study was to investigate the role of DCTN4 missense variants on Pa infection incidence, age at first Pa infection and chronic Pa infection incidence in a cohort of adult CF patients from a single centre. Polymerase chain reaction and direct sequencing were used to screen DNA samples for DCTN4 variants. A total of 121 adult CF patients from the Cochin Hospital CF centre have been included, all of them carrying two CFTR defects: 103 developed at least 1 pulmonary infection with Pa, and 68 patients of them had CPA. DCTN4 variants were identified in 24% (29/121) CF patients with Pa infection and in only 17% (3/18) CF patients with no Pa infection. Of the patients with CPA, 29% (20/68) had DCTN4 missense variants vs 23% (8/35) in patients without CPA. Interestingly, p.Tyr263Cys tend to be more frequently observed in CF patients with CPA than in patients without CPA (4/68 vs 0/35), and DCTN4 missense variants tend to be more frequent in male CF patients with CPA bearing two class II mutations than in male CF patients without CPA bearing two class II mutations (P = 0.06). Our observations reinforce that DCTN4 missense variants, especially p.Tyr263Cys, may be involved in the pathogenesis of CPA in male CF.",T038
CF,"DCTN4 as a modifier of chronic Pseudomonas aeruginosa infection in cystic fibrosis Pseudomonas aeruginosa (Pa) infection in cystic fibrosis (CF) patients is associated with worse long-term pulmonary disease and shorter survival, and chronic Pa infection (CPA) is associated with reduced lung function, faster rate of lung decline, increased rates of exacerbations and shorter survival. By using exome sequencing and extreme phenotype design, it was recently shown that isoforms of dynactin 4 (DCTN4) may influence Pa infection in CF, leading to worse respiratory disease. The purpose of this study was to investigate the role of DCTN4 missense variants on Pa infection incidence, age at first Pa infection and chronic Pa infection incidence in a cohort of adult CF patients from a single centre. Polymerase chain reaction and direct sequencing were used to screen DNA samples for DCTN4 variants. A total of 121 adult CF patients from the Cochin Hospital CF centre have been included, all of them carrying two CFTR defects: 103 developed at least 1 pulmonary infection with Pa, and 68 patients of them had CPA. DCTN4 variants were identified in 24% (29/121) CF patients with Pa infection and in only 17% (3/18) CF patients with no Pa infection. Of the patients with CPA, 29% (20/68) had DCTN4 missense variants vs 23% (8/35) in patients without CPA. Interestingly, p.Tyr263Cys tend to be more frequently observed in CF patients with CPA than in patients without CPA (4/68 vs 0/35), and DCTN4 missense variants tend to be more frequent in male CF patients with CPA bearing two class II mutations than in male CF patients without CPA bearing two class II mutations (P = 0.06). Our observations reinforce that DCTN4 missense variants, especially p.Tyr263Cys, may be involved in the pathogenesis of CPA in male CF.",T038
respiratory disease,"DCTN4 as a modifier of chronic Pseudomonas aeruginosa infection in cystic fibrosis Pseudomonas aeruginosa (Pa) infection in cystic fibrosis (CF) patients is associated with worse long-term pulmonary disease and shorter survival, and chronic Pa infection (CPA) is associated with reduced lung function, faster rate of lung decline, increased rates of exacerbations and shorter survival. By using exome sequencing and extreme phenotype design, it was recently shown that isoforms of dynactin 4 (DCTN4) may influence Pa infection in CF, leading to worse respiratory disease. The purpose of this study was to investigate the role of DCTN4 missense variants on Pa infection incidence, age at first Pa infection and chronic Pa infection incidence in a cohort of adult CF patients from a single centre. Polymerase chain reaction and direct sequencing were used to screen DNA samples for DCTN4 variants. A total of 121 adult CF patients from the Cochin Hospital CF centre have been included, all of them carrying two CFTR defects: 103 developed at least 1 pulmonary infection with Pa, and 68 patients of them had CPA. DCTN4 variants were identified in 24% (29/121) CF patients with Pa infection and in only 17% (3/18) CF patients with no Pa infection. Of the patients with CPA, 29% (20/68) had DCTN4 missense variants vs 23% (8/35) in patients without CPA. Interestingly, p.Tyr263Cys tend to be more frequently observed in CF patients with CPA than in patients without CPA (4/68 vs 0/35), and DCTN4 missense variants tend to be more frequent in male CF patients with CPA bearing two class II mutations than in male CF patients without CPA bearing two class II mutations (P = 0.06). Our observations reinforce that DCTN4 missense variants, especially p.Tyr263Cys, may be involved in the pathogenesis of CPA in male CF.",T038
study,"DCTN4 as a modifier of chronic Pseudomonas aeruginosa infection in cystic fibrosis Pseudomonas aeruginosa (Pa) infection in cystic fibrosis (CF) patients is associated with worse long-term pulmonary disease and shorter survival, and chronic Pa infection (CPA) is associated with reduced lung function, faster rate of lung decline, increased rates of exacerbations and shorter survival. By using exome sequencing and extreme phenotype design, it was recently shown that isoforms of dynactin 4 (DCTN4) may influence Pa infection in CF, leading to worse respiratory disease. The purpose of this study was to investigate the role of DCTN4 missense variants on Pa infection incidence, age at first Pa infection and chronic Pa infection incidence in a cohort of adult CF patients from a single centre. Polymerase chain reaction and direct sequencing were used to screen DNA samples for DCTN4 variants. A total of 121 adult CF patients from the Cochin Hospital CF centre have been included, all of them carrying two CFTR defects: 103 developed at least 1 pulmonary infection with Pa, and 68 patients of them had CPA. DCTN4 variants were identified in 24% (29/121) CF patients with Pa infection and in only 17% (3/18) CF patients with no Pa infection. Of the patients with CPA, 29% (20/68) had DCTN4 missense variants vs 23% (8/35) in patients without CPA. Interestingly, p.Tyr263Cys tend to be more frequently observed in CF patients with CPA than in patients without CPA (4/68 vs 0/35), and DCTN4 missense variants tend to be more frequent in male CF patients with CPA bearing two class II mutations than in male CF patients without CPA bearing two class II mutations (P = 0.06). Our observations reinforce that DCTN4 missense variants, especially p.Tyr263Cys, may be involved in the pathogenesis of CPA in male CF.",T062
DCTN4,"DCTN4 as a modifier of chronic Pseudomonas aeruginosa infection in cystic fibrosis Pseudomonas aeruginosa (Pa) infection in cystic fibrosis (CF) patients is associated with worse long-term pulmonary disease and shorter survival, and chronic Pa infection (CPA) is associated with reduced lung function, faster rate of lung decline, increased rates of exacerbations and shorter survival. By using exome sequencing and extreme phenotype design, it was recently shown that isoforms of dynactin 4 (DCTN4) may influence Pa infection in CF, leading to worse respiratory disease. The purpose of this study was to investigate the role of DCTN4 missense variants on Pa infection incidence, age at first Pa infection and chronic Pa infection incidence in a cohort of adult CF patients from a single centre. Polymerase chain reaction and direct sequencing were used to screen DNA samples for DCTN4 variants. A total of 121 adult CF patients from the Cochin Hospital CF centre have been included, all of them carrying two CFTR defects: 103 developed at least 1 pulmonary infection with Pa, and 68 patients of them had CPA. DCTN4 variants were identified in 24% (29/121) CF patients with Pa infection and in only 17% (3/18) CF patients with no Pa infection. Of the patients with CPA, 29% (20/68) had DCTN4 missense variants vs 23% (8/35) in patients without CPA. Interestingly, p.Tyr263Cys tend to be more frequently observed in CF patients with CPA than in patients without CPA (4/68 vs 0/35), and DCTN4 missense variants tend to be more frequent in male CF patients with CPA bearing two class II mutations than in male CF patients without CPA bearing two class II mutations (P = 0.06). Our observations reinforce that DCTN4 missense variants, especially p.Tyr263Cys, may be involved in the pathogenesis of CPA in male CF.",T103
variants,"DCTN4 as a modifier of chronic Pseudomonas aeruginosa infection in cystic fibrosis Pseudomonas aeruginosa (Pa) infection in cystic fibrosis (CF) patients is associated with worse long-term pulmonary disease and shorter survival, and chronic Pa infection (CPA) is associated with reduced lung function, faster rate of lung decline, increased rates of exacerbations and shorter survival. By using exome sequencing and extreme phenotype design, it was recently shown that isoforms of dynactin 4 (DCTN4) may influence Pa infection in CF, leading to worse respiratory disease. The purpose of this study was to investigate the role of DCTN4 missense variants on Pa infection incidence, age at first Pa infection and chronic Pa infection incidence in a cohort of adult CF patients from a single centre. Polymerase chain reaction and direct sequencing were used to screen DNA samples for DCTN4 variants. A total of 121 adult CF patients from the Cochin Hospital CF centre have been included, all of them carrying two CFTR defects: 103 developed at least 1 pulmonary infection with Pa, and 68 patients of them had CPA. DCTN4 variants were identified in 24% (29/121) CF patients with Pa infection and in only 17% (3/18) CF patients with no Pa infection. Of the patients with CPA, 29% (20/68) had DCTN4 missense variants vs 23% (8/35) in patients without CPA. Interestingly, p.Tyr263Cys tend to be more frequently observed in CF patients with CPA than in patients without CPA (4/68 vs 0/35), and DCTN4 missense variants tend to be more frequent in male CF patients with CPA bearing two class II mutations than in male CF patients without CPA bearing two class II mutations (P = 0.06). Our observations reinforce that DCTN4 missense variants, especially p.Tyr263Cys, may be involved in the pathogenesis of CPA in male CF.",T103
Pa infection,"DCTN4 as a modifier of chronic Pseudomonas aeruginosa infection in cystic fibrosis Pseudomonas aeruginosa (Pa) infection in cystic fibrosis (CF) patients is associated with worse long-term pulmonary disease and shorter survival, and chronic Pa infection (CPA) is associated with reduced lung function, faster rate of lung decline, increased rates of exacerbations and shorter survival. By using exome sequencing and extreme phenotype design, it was recently shown that isoforms of dynactin 4 (DCTN4) may influence Pa infection in CF, leading to worse respiratory disease. The purpose of this study was to investigate the role of DCTN4 missense variants on Pa infection incidence, age at first Pa infection and chronic Pa infection incidence in a cohort of adult CF patients from a single centre. Polymerase chain reaction and direct sequencing were used to screen DNA samples for DCTN4 variants. A total of 121 adult CF patients from the Cochin Hospital CF centre have been included, all of them carrying two CFTR defects: 103 developed at least 1 pulmonary infection with Pa, and 68 patients of them had CPA. DCTN4 variants were identified in 24% (29/121) CF patients with Pa infection and in only 17% (3/18) CF patients with no Pa infection. Of the patients with CPA, 29% (20/68) had DCTN4 missense variants vs 23% (8/35) in patients without CPA. Interestingly, p.Tyr263Cys tend to be more frequently observed in CF patients with CPA than in patients without CPA (4/68 vs 0/35), and DCTN4 missense variants tend to be more frequent in male CF patients with CPA bearing two class II mutations than in male CF patients without CPA bearing two class II mutations (P = 0.06). Our observations reinforce that DCTN4 missense variants, especially p.Tyr263Cys, may be involved in the pathogenesis of CPA in male CF.",T038
Pa infection,"DCTN4 as a modifier of chronic Pseudomonas aeruginosa infection in cystic fibrosis Pseudomonas aeruginosa (Pa) infection in cystic fibrosis (CF) patients is associated with worse long-term pulmonary disease and shorter survival, and chronic Pa infection (CPA) is associated with reduced lung function, faster rate of lung decline, increased rates of exacerbations and shorter survival. By using exome sequencing and extreme phenotype design, it was recently shown that isoforms of dynactin 4 (DCTN4) may influence Pa infection in CF, leading to worse respiratory disease. The purpose of this study was to investigate the role of DCTN4 missense variants on Pa infection incidence, age at first Pa infection and chronic Pa infection incidence in a cohort of adult CF patients from a single centre. Polymerase chain reaction and direct sequencing were used to screen DNA samples for DCTN4 variants. A total of 121 adult CF patients from the Cochin Hospital CF centre have been included, all of them carrying two CFTR defects: 103 developed at least 1 pulmonary infection with Pa, and 68 patients of them had CPA. DCTN4 variants were identified in 24% (29/121) CF patients with Pa infection and in only 17% (3/18) CF patients with no Pa infection. Of the patients with CPA, 29% (20/68) had DCTN4 missense variants vs 23% (8/35) in patients without CPA. Interestingly, p.Tyr263Cys tend to be more frequently observed in CF patients with CPA than in patients without CPA (4/68 vs 0/35), and DCTN4 missense variants tend to be more frequent in male CF patients with CPA bearing two class II mutations than in male CF patients without CPA bearing two class II mutations (P = 0.06). Our observations reinforce that DCTN4 missense variants, especially p.Tyr263Cys, may be involved in the pathogenesis of CPA in male CF.",T038
chronic Pa infection,"DCTN4 as a modifier of chronic Pseudomonas aeruginosa infection in cystic fibrosis Pseudomonas aeruginosa (Pa) infection in cystic fibrosis (CF) patients is associated with worse long-term pulmonary disease and shorter survival, and chronic Pa infection (CPA) is associated with reduced lung function, faster rate of lung decline, increased rates of exacerbations and shorter survival. By using exome sequencing and extreme phenotype design, it was recently shown that isoforms of dynactin 4 (DCTN4) may influence Pa infection in CF, leading to worse respiratory disease. The purpose of this study was to investigate the role of DCTN4 missense variants on Pa infection incidence, age at first Pa infection and chronic Pa infection incidence in a cohort of adult CF patients from a single centre. Polymerase chain reaction and direct sequencing were used to screen DNA samples for DCTN4 variants. A total of 121 adult CF patients from the Cochin Hospital CF centre have been included, all of them carrying two CFTR defects: 103 developed at least 1 pulmonary infection with Pa, and 68 patients of them had CPA. DCTN4 variants were identified in 24% (29/121) CF patients with Pa infection and in only 17% (3/18) CF patients with no Pa infection. Of the patients with CPA, 29% (20/68) had DCTN4 missense variants vs 23% (8/35) in patients without CPA. Interestingly, p.Tyr263Cys tend to be more frequently observed in CF patients with CPA than in patients without CPA (4/68 vs 0/35), and DCTN4 missense variants tend to be more frequent in male CF patients with CPA bearing two class II mutations than in male CF patients without CPA bearing two class II mutations (P = 0.06). Our observations reinforce that DCTN4 missense variants, especially p.Tyr263Cys, may be involved in the pathogenesis of CPA in male CF.",T038
cohort,"DCTN4 as a modifier of chronic Pseudomonas aeruginosa infection in cystic fibrosis Pseudomonas aeruginosa (Pa) infection in cystic fibrosis (CF) patients is associated with worse long-term pulmonary disease and shorter survival, and chronic Pa infection (CPA) is associated with reduced lung function, faster rate of lung decline, increased rates of exacerbations and shorter survival. By using exome sequencing and extreme phenotype design, it was recently shown that isoforms of dynactin 4 (DCTN4) may influence Pa infection in CF, leading to worse respiratory disease. The purpose of this study was to investigate the role of DCTN4 missense variants on Pa infection incidence, age at first Pa infection and chronic Pa infection incidence in a cohort of adult CF patients from a single centre. Polymerase chain reaction and direct sequencing were used to screen DNA samples for DCTN4 variants. A total of 121 adult CF patients from the Cochin Hospital CF centre have been included, all of them carrying two CFTR defects: 103 developed at least 1 pulmonary infection with Pa, and 68 patients of them had CPA. DCTN4 variants were identified in 24% (29/121) CF patients with Pa infection and in only 17% (3/18) CF patients with no Pa infection. Of the patients with CPA, 29% (20/68) had DCTN4 missense variants vs 23% (8/35) in patients without CPA. Interestingly, p.Tyr263Cys tend to be more frequently observed in CF patients with CPA than in patients without CPA (4/68 vs 0/35), and DCTN4 missense variants tend to be more frequent in male CF patients with CPA bearing two class II mutations than in male CF patients without CPA bearing two class II mutations (P = 0.06). Our observations reinforce that DCTN4 missense variants, especially p.Tyr263Cys, may be involved in the pathogenesis of CPA in male CF.",T098
CF,"DCTN4 as a modifier of chronic Pseudomonas aeruginosa infection in cystic fibrosis Pseudomonas aeruginosa (Pa) infection in cystic fibrosis (CF) patients is associated with worse long-term pulmonary disease and shorter survival, and chronic Pa infection (CPA) is associated with reduced lung function, faster rate of lung decline, increased rates of exacerbations and shorter survival. By using exome sequencing and extreme phenotype design, it was recently shown that isoforms of dynactin 4 (DCTN4) may influence Pa infection in CF, leading to worse respiratory disease. The purpose of this study was to investigate the role of DCTN4 missense variants on Pa infection incidence, age at first Pa infection and chronic Pa infection incidence in a cohort of adult CF patients from a single centre. Polymerase chain reaction and direct sequencing were used to screen DNA samples for DCTN4 variants. A total of 121 adult CF patients from the Cochin Hospital CF centre have been included, all of them carrying two CFTR defects: 103 developed at least 1 pulmonary infection with Pa, and 68 patients of them had CPA. DCTN4 variants were identified in 24% (29/121) CF patients with Pa infection and in only 17% (3/18) CF patients with no Pa infection. Of the patients with CPA, 29% (20/68) had DCTN4 missense variants vs 23% (8/35) in patients without CPA. Interestingly, p.Tyr263Cys tend to be more frequently observed in CF patients with CPA than in patients without CPA (4/68 vs 0/35), and DCTN4 missense variants tend to be more frequent in male CF patients with CPA bearing two class II mutations than in male CF patients without CPA bearing two class II mutations (P = 0.06). Our observations reinforce that DCTN4 missense variants, especially p.Tyr263Cys, may be involved in the pathogenesis of CPA in male CF.",T038
centre,"DCTN4 as a modifier of chronic Pseudomonas aeruginosa infection in cystic fibrosis Pseudomonas aeruginosa (Pa) infection in cystic fibrosis (CF) patients is associated with worse long-term pulmonary disease and shorter survival, and chronic Pa infection (CPA) is associated with reduced lung function, faster rate of lung decline, increased rates of exacerbations and shorter survival. By using exome sequencing and extreme phenotype design, it was recently shown that isoforms of dynactin 4 (DCTN4) may influence Pa infection in CF, leading to worse respiratory disease. The purpose of this study was to investigate the role of DCTN4 missense variants on Pa infection incidence, age at first Pa infection and chronic Pa infection incidence in a cohort of adult CF patients from a single centre. Polymerase chain reaction and direct sequencing were used to screen DNA samples for DCTN4 variants. A total of 121 adult CF patients from the Cochin Hospital CF centre have been included, all of them carrying two CFTR defects: 103 developed at least 1 pulmonary infection with Pa, and 68 patients of them had CPA. DCTN4 variants were identified in 24% (29/121) CF patients with Pa infection and in only 17% (3/18) CF patients with no Pa infection. Of the patients with CPA, 29% (20/68) had DCTN4 missense variants vs 23% (8/35) in patients without CPA. Interestingly, p.Tyr263Cys tend to be more frequently observed in CF patients with CPA than in patients without CPA (4/68 vs 0/35), and DCTN4 missense variants tend to be more frequent in male CF patients with CPA bearing two class II mutations than in male CF patients without CPA bearing two class II mutations (P = 0.06). Our observations reinforce that DCTN4 missense variants, especially p.Tyr263Cys, may be involved in the pathogenesis of CPA in male CF.",T092
Polymerase chain reaction,"DCTN4 as a modifier of chronic Pseudomonas aeruginosa infection in cystic fibrosis Pseudomonas aeruginosa (Pa) infection in cystic fibrosis (CF) patients is associated with worse long-term pulmonary disease and shorter survival, and chronic Pa infection (CPA) is associated with reduced lung function, faster rate of lung decline, increased rates of exacerbations and shorter survival. By using exome sequencing and extreme phenotype design, it was recently shown that isoforms of dynactin 4 (DCTN4) may influence Pa infection in CF, leading to worse respiratory disease. The purpose of this study was to investigate the role of DCTN4 missense variants on Pa infection incidence, age at first Pa infection and chronic Pa infection incidence in a cohort of adult CF patients from a single centre. Polymerase chain reaction and direct sequencing were used to screen DNA samples for DCTN4 variants. A total of 121 adult CF patients from the Cochin Hospital CF centre have been included, all of them carrying two CFTR defects: 103 developed at least 1 pulmonary infection with Pa, and 68 patients of them had CPA. DCTN4 variants were identified in 24% (29/121) CF patients with Pa infection and in only 17% (3/18) CF patients with no Pa infection. Of the patients with CPA, 29% (20/68) had DCTN4 missense variants vs 23% (8/35) in patients without CPA. Interestingly, p.Tyr263Cys tend to be more frequently observed in CF patients with CPA than in patients without CPA (4/68 vs 0/35), and DCTN4 missense variants tend to be more frequent in male CF patients with CPA bearing two class II mutations than in male CF patients without CPA bearing two class II mutations (P = 0.06). Our observations reinforce that DCTN4 missense variants, especially p.Tyr263Cys, may be involved in the pathogenesis of CPA in male CF.",T062
direct sequencing,"DCTN4 as a modifier of chronic Pseudomonas aeruginosa infection in cystic fibrosis Pseudomonas aeruginosa (Pa) infection in cystic fibrosis (CF) patients is associated with worse long-term pulmonary disease and shorter survival, and chronic Pa infection (CPA) is associated with reduced lung function, faster rate of lung decline, increased rates of exacerbations and shorter survival. By using exome sequencing and extreme phenotype design, it was recently shown that isoforms of dynactin 4 (DCTN4) may influence Pa infection in CF, leading to worse respiratory disease. The purpose of this study was to investigate the role of DCTN4 missense variants on Pa infection incidence, age at first Pa infection and chronic Pa infection incidence in a cohort of adult CF patients from a single centre. Polymerase chain reaction and direct sequencing were used to screen DNA samples for DCTN4 variants. A total of 121 adult CF patients from the Cochin Hospital CF centre have been included, all of them carrying two CFTR defects: 103 developed at least 1 pulmonary infection with Pa, and 68 patients of them had CPA. DCTN4 variants were identified in 24% (29/121) CF patients with Pa infection and in only 17% (3/18) CF patients with no Pa infection. Of the patients with CPA, 29% (20/68) had DCTN4 missense variants vs 23% (8/35) in patients without CPA. Interestingly, p.Tyr263Cys tend to be more frequently observed in CF patients with CPA than in patients without CPA (4/68 vs 0/35), and DCTN4 missense variants tend to be more frequent in male CF patients with CPA bearing two class II mutations than in male CF patients without CPA bearing two class II mutations (P = 0.06). Our observations reinforce that DCTN4 missense variants, especially p.Tyr263Cys, may be involved in the pathogenesis of CPA in male CF.",T062
DNA samples,"DCTN4 as a modifier of chronic Pseudomonas aeruginosa infection in cystic fibrosis Pseudomonas aeruginosa (Pa) infection in cystic fibrosis (CF) patients is associated with worse long-term pulmonary disease and shorter survival, and chronic Pa infection (CPA) is associated with reduced lung function, faster rate of lung decline, increased rates of exacerbations and shorter survival. By using exome sequencing and extreme phenotype design, it was recently shown that isoforms of dynactin 4 (DCTN4) may influence Pa infection in CF, leading to worse respiratory disease. The purpose of this study was to investigate the role of DCTN4 missense variants on Pa infection incidence, age at first Pa infection and chronic Pa infection incidence in a cohort of adult CF patients from a single centre. Polymerase chain reaction and direct sequencing were used to screen DNA samples for DCTN4 variants. A total of 121 adult CF patients from the Cochin Hospital CF centre have been included, all of them carrying two CFTR defects: 103 developed at least 1 pulmonary infection with Pa, and 68 patients of them had CPA. DCTN4 variants were identified in 24% (29/121) CF patients with Pa infection and in only 17% (3/18) CF patients with no Pa infection. Of the patients with CPA, 29% (20/68) had DCTN4 missense variants vs 23% (8/35) in patients without CPA. Interestingly, p.Tyr263Cys tend to be more frequently observed in CF patients with CPA than in patients without CPA (4/68 vs 0/35), and DCTN4 missense variants tend to be more frequent in male CF patients with CPA bearing two class II mutations than in male CF patients without CPA bearing two class II mutations (P = 0.06). Our observations reinforce that DCTN4 missense variants, especially p.Tyr263Cys, may be involved in the pathogenesis of CPA in male CF.",T017
DCTN4,"DCTN4 as a modifier of chronic Pseudomonas aeruginosa infection in cystic fibrosis Pseudomonas aeruginosa (Pa) infection in cystic fibrosis (CF) patients is associated with worse long-term pulmonary disease and shorter survival, and chronic Pa infection (CPA) is associated with reduced lung function, faster rate of lung decline, increased rates of exacerbations and shorter survival. By using exome sequencing and extreme phenotype design, it was recently shown that isoforms of dynactin 4 (DCTN4) may influence Pa infection in CF, leading to worse respiratory disease. The purpose of this study was to investigate the role of DCTN4 missense variants on Pa infection incidence, age at first Pa infection and chronic Pa infection incidence in a cohort of adult CF patients from a single centre. Polymerase chain reaction and direct sequencing were used to screen DNA samples for DCTN4 variants. A total of 121 adult CF patients from the Cochin Hospital CF centre have been included, all of them carrying two CFTR defects: 103 developed at least 1 pulmonary infection with Pa, and 68 patients of them had CPA. DCTN4 variants were identified in 24% (29/121) CF patients with Pa infection and in only 17% (3/18) CF patients with no Pa infection. Of the patients with CPA, 29% (20/68) had DCTN4 missense variants vs 23% (8/35) in patients without CPA. Interestingly, p.Tyr263Cys tend to be more frequently observed in CF patients with CPA than in patients without CPA (4/68 vs 0/35), and DCTN4 missense variants tend to be more frequent in male CF patients with CPA bearing two class II mutations than in male CF patients without CPA bearing two class II mutations (P = 0.06). Our observations reinforce that DCTN4 missense variants, especially p.Tyr263Cys, may be involved in the pathogenesis of CPA in male CF.",T103
variants,"DCTN4 as a modifier of chronic Pseudomonas aeruginosa infection in cystic fibrosis Pseudomonas aeruginosa (Pa) infection in cystic fibrosis (CF) patients is associated with worse long-term pulmonary disease and shorter survival, and chronic Pa infection (CPA) is associated with reduced lung function, faster rate of lung decline, increased rates of exacerbations and shorter survival. By using exome sequencing and extreme phenotype design, it was recently shown that isoforms of dynactin 4 (DCTN4) may influence Pa infection in CF, leading to worse respiratory disease. The purpose of this study was to investigate the role of DCTN4 missense variants on Pa infection incidence, age at first Pa infection and chronic Pa infection incidence in a cohort of adult CF patients from a single centre. Polymerase chain reaction and direct sequencing were used to screen DNA samples for DCTN4 variants. A total of 121 adult CF patients from the Cochin Hospital CF centre have been included, all of them carrying two CFTR defects: 103 developed at least 1 pulmonary infection with Pa, and 68 patients of them had CPA. DCTN4 variants were identified in 24% (29/121) CF patients with Pa infection and in only 17% (3/18) CF patients with no Pa infection. Of the patients with CPA, 29% (20/68) had DCTN4 missense variants vs 23% (8/35) in patients without CPA. Interestingly, p.Tyr263Cys tend to be more frequently observed in CF patients with CPA than in patients without CPA (4/68 vs 0/35), and DCTN4 missense variants tend to be more frequent in male CF patients with CPA bearing two class II mutations than in male CF patients without CPA bearing two class II mutations (P = 0.06). Our observations reinforce that DCTN4 missense variants, especially p.Tyr263Cys, may be involved in the pathogenesis of CPA in male CF.",T103
CF,"DCTN4 as a modifier of chronic Pseudomonas aeruginosa infection in cystic fibrosis Pseudomonas aeruginosa (Pa) infection in cystic fibrosis (CF) patients is associated with worse long-term pulmonary disease and shorter survival, and chronic Pa infection (CPA) is associated with reduced lung function, faster rate of lung decline, increased rates of exacerbations and shorter survival. By using exome sequencing and extreme phenotype design, it was recently shown that isoforms of dynactin 4 (DCTN4) may influence Pa infection in CF, leading to worse respiratory disease. The purpose of this study was to investigate the role of DCTN4 missense variants on Pa infection incidence, age at first Pa infection and chronic Pa infection incidence in a cohort of adult CF patients from a single centre. Polymerase chain reaction and direct sequencing were used to screen DNA samples for DCTN4 variants. A total of 121 adult CF patients from the Cochin Hospital CF centre have been included, all of them carrying two CFTR defects: 103 developed at least 1 pulmonary infection with Pa, and 68 patients of them had CPA. DCTN4 variants were identified in 24% (29/121) CF patients with Pa infection and in only 17% (3/18) CF patients with no Pa infection. Of the patients with CPA, 29% (20/68) had DCTN4 missense variants vs 23% (8/35) in patients without CPA. Interestingly, p.Tyr263Cys tend to be more frequently observed in CF patients with CPA than in patients without CPA (4/68 vs 0/35), and DCTN4 missense variants tend to be more frequent in male CF patients with CPA bearing two class II mutations than in male CF patients without CPA bearing two class II mutations (P = 0.06). Our observations reinforce that DCTN4 missense variants, especially p.Tyr263Cys, may be involved in the pathogenesis of CPA in male CF.",T038
Cochin Hospital CF centre,"DCTN4 as a modifier of chronic Pseudomonas aeruginosa infection in cystic fibrosis Pseudomonas aeruginosa (Pa) infection in cystic fibrosis (CF) patients is associated with worse long-term pulmonary disease and shorter survival, and chronic Pa infection (CPA) is associated with reduced lung function, faster rate of lung decline, increased rates of exacerbations and shorter survival. By using exome sequencing and extreme phenotype design, it was recently shown that isoforms of dynactin 4 (DCTN4) may influence Pa infection in CF, leading to worse respiratory disease. The purpose of this study was to investigate the role of DCTN4 missense variants on Pa infection incidence, age at first Pa infection and chronic Pa infection incidence in a cohort of adult CF patients from a single centre. Polymerase chain reaction and direct sequencing were used to screen DNA samples for DCTN4 variants. A total of 121 adult CF patients from the Cochin Hospital CF centre have been included, all of them carrying two CFTR defects: 103 developed at least 1 pulmonary infection with Pa, and 68 patients of them had CPA. DCTN4 variants were identified in 24% (29/121) CF patients with Pa infection and in only 17% (3/18) CF patients with no Pa infection. Of the patients with CPA, 29% (20/68) had DCTN4 missense variants vs 23% (8/35) in patients without CPA. Interestingly, p.Tyr263Cys tend to be more frequently observed in CF patients with CPA than in patients without CPA (4/68 vs 0/35), and DCTN4 missense variants tend to be more frequent in male CF patients with CPA bearing two class II mutations than in male CF patients without CPA bearing two class II mutations (P = 0.06). Our observations reinforce that DCTN4 missense variants, especially p.Tyr263Cys, may be involved in the pathogenesis of CPA in male CF.",T092
CFTR,"DCTN4 as a modifier of chronic Pseudomonas aeruginosa infection in cystic fibrosis Pseudomonas aeruginosa (Pa) infection in cystic fibrosis (CF) patients is associated with worse long-term pulmonary disease and shorter survival, and chronic Pa infection (CPA) is associated with reduced lung function, faster rate of lung decline, increased rates of exacerbations and shorter survival. By using exome sequencing and extreme phenotype design, it was recently shown that isoforms of dynactin 4 (DCTN4) may influence Pa infection in CF, leading to worse respiratory disease. The purpose of this study was to investigate the role of DCTN4 missense variants on Pa infection incidence, age at first Pa infection and chronic Pa infection incidence in a cohort of adult CF patients from a single centre. Polymerase chain reaction and direct sequencing were used to screen DNA samples for DCTN4 variants. A total of 121 adult CF patients from the Cochin Hospital CF centre have been included, all of them carrying two CFTR defects: 103 developed at least 1 pulmonary infection with Pa, and 68 patients of them had CPA. DCTN4 variants were identified in 24% (29/121) CF patients with Pa infection and in only 17% (3/18) CF patients with no Pa infection. Of the patients with CPA, 29% (20/68) had DCTN4 missense variants vs 23% (8/35) in patients without CPA. Interestingly, p.Tyr263Cys tend to be more frequently observed in CF patients with CPA than in patients without CPA (4/68 vs 0/35), and DCTN4 missense variants tend to be more frequent in male CF patients with CPA bearing two class II mutations than in male CF patients without CPA bearing two class II mutations (P = 0.06). Our observations reinforce that DCTN4 missense variants, especially p.Tyr263Cys, may be involved in the pathogenesis of CPA in male CF.",T017
pulmonary infection,"DCTN4 as a modifier of chronic Pseudomonas aeruginosa infection in cystic fibrosis Pseudomonas aeruginosa (Pa) infection in cystic fibrosis (CF) patients is associated with worse long-term pulmonary disease and shorter survival, and chronic Pa infection (CPA) is associated with reduced lung function, faster rate of lung decline, increased rates of exacerbations and shorter survival. By using exome sequencing and extreme phenotype design, it was recently shown that isoforms of dynactin 4 (DCTN4) may influence Pa infection in CF, leading to worse respiratory disease. The purpose of this study was to investigate the role of DCTN4 missense variants on Pa infection incidence, age at first Pa infection and chronic Pa infection incidence in a cohort of adult CF patients from a single centre. Polymerase chain reaction and direct sequencing were used to screen DNA samples for DCTN4 variants. A total of 121 adult CF patients from the Cochin Hospital CF centre have been included, all of them carrying two CFTR defects: 103 developed at least 1 pulmonary infection with Pa, and 68 patients of them had CPA. DCTN4 variants were identified in 24% (29/121) CF patients with Pa infection and in only 17% (3/18) CF patients with no Pa infection. Of the patients with CPA, 29% (20/68) had DCTN4 missense variants vs 23% (8/35) in patients without CPA. Interestingly, p.Tyr263Cys tend to be more frequently observed in CF patients with CPA than in patients without CPA (4/68 vs 0/35), and DCTN4 missense variants tend to be more frequent in male CF patients with CPA bearing two class II mutations than in male CF patients without CPA bearing two class II mutations (P = 0.06). Our observations reinforce that DCTN4 missense variants, especially p.Tyr263Cys, may be involved in the pathogenesis of CPA in male CF.",T038
Pa,"DCTN4 as a modifier of chronic Pseudomonas aeruginosa infection in cystic fibrosis Pseudomonas aeruginosa (Pa) infection in cystic fibrosis (CF) patients is associated with worse long-term pulmonary disease and shorter survival, and chronic Pa infection (CPA) is associated with reduced lung function, faster rate of lung decline, increased rates of exacerbations and shorter survival. By using exome sequencing and extreme phenotype design, it was recently shown that isoforms of dynactin 4 (DCTN4) may influence Pa infection in CF, leading to worse respiratory disease. The purpose of this study was to investigate the role of DCTN4 missense variants on Pa infection incidence, age at first Pa infection and chronic Pa infection incidence in a cohort of adult CF patients from a single centre. Polymerase chain reaction and direct sequencing were used to screen DNA samples for DCTN4 variants. A total of 121 adult CF patients from the Cochin Hospital CF centre have been included, all of them carrying two CFTR defects: 103 developed at least 1 pulmonary infection with Pa, and 68 patients of them had CPA. DCTN4 variants were identified in 24% (29/121) CF patients with Pa infection and in only 17% (3/18) CF patients with no Pa infection. Of the patients with CPA, 29% (20/68) had DCTN4 missense variants vs 23% (8/35) in patients without CPA. Interestingly, p.Tyr263Cys tend to be more frequently observed in CF patients with CPA than in patients without CPA (4/68 vs 0/35), and DCTN4 missense variants tend to be more frequent in male CF patients with CPA bearing two class II mutations than in male CF patients without CPA bearing two class II mutations (P = 0.06). Our observations reinforce that DCTN4 missense variants, especially p.Tyr263Cys, may be involved in the pathogenesis of CPA in male CF.",T007
CPA,"DCTN4 as a modifier of chronic Pseudomonas aeruginosa infection in cystic fibrosis Pseudomonas aeruginosa (Pa) infection in cystic fibrosis (CF) patients is associated with worse long-term pulmonary disease and shorter survival, and chronic Pa infection (CPA) is associated with reduced lung function, faster rate of lung decline, increased rates of exacerbations and shorter survival. By using exome sequencing and extreme phenotype design, it was recently shown that isoforms of dynactin 4 (DCTN4) may influence Pa infection in CF, leading to worse respiratory disease. The purpose of this study was to investigate the role of DCTN4 missense variants on Pa infection incidence, age at first Pa infection and chronic Pa infection incidence in a cohort of adult CF patients from a single centre. Polymerase chain reaction and direct sequencing were used to screen DNA samples for DCTN4 variants. A total of 121 adult CF patients from the Cochin Hospital CF centre have been included, all of them carrying two CFTR defects: 103 developed at least 1 pulmonary infection with Pa, and 68 patients of them had CPA. DCTN4 variants were identified in 24% (29/121) CF patients with Pa infection and in only 17% (3/18) CF patients with no Pa infection. Of the patients with CPA, 29% (20/68) had DCTN4 missense variants vs 23% (8/35) in patients without CPA. Interestingly, p.Tyr263Cys tend to be more frequently observed in CF patients with CPA than in patients without CPA (4/68 vs 0/35), and DCTN4 missense variants tend to be more frequent in male CF patients with CPA bearing two class II mutations than in male CF patients without CPA bearing two class II mutations (P = 0.06). Our observations reinforce that DCTN4 missense variants, especially p.Tyr263Cys, may be involved in the pathogenesis of CPA in male CF.",T038
DCTN4,"DCTN4 as a modifier of chronic Pseudomonas aeruginosa infection in cystic fibrosis Pseudomonas aeruginosa (Pa) infection in cystic fibrosis (CF) patients is associated with worse long-term pulmonary disease and shorter survival, and chronic Pa infection (CPA) is associated with reduced lung function, faster rate of lung decline, increased rates of exacerbations and shorter survival. By using exome sequencing and extreme phenotype design, it was recently shown that isoforms of dynactin 4 (DCTN4) may influence Pa infection in CF, leading to worse respiratory disease. The purpose of this study was to investigate the role of DCTN4 missense variants on Pa infection incidence, age at first Pa infection and chronic Pa infection incidence in a cohort of adult CF patients from a single centre. Polymerase chain reaction and direct sequencing were used to screen DNA samples for DCTN4 variants. A total of 121 adult CF patients from the Cochin Hospital CF centre have been included, all of them carrying two CFTR defects: 103 developed at least 1 pulmonary infection with Pa, and 68 patients of them had CPA. DCTN4 variants were identified in 24% (29/121) CF patients with Pa infection and in only 17% (3/18) CF patients with no Pa infection. Of the patients with CPA, 29% (20/68) had DCTN4 missense variants vs 23% (8/35) in patients without CPA. Interestingly, p.Tyr263Cys tend to be more frequently observed in CF patients with CPA than in patients without CPA (4/68 vs 0/35), and DCTN4 missense variants tend to be more frequent in male CF patients with CPA bearing two class II mutations than in male CF patients without CPA bearing two class II mutations (P = 0.06). Our observations reinforce that DCTN4 missense variants, especially p.Tyr263Cys, may be involved in the pathogenesis of CPA in male CF.",T103
variants,"DCTN4 as a modifier of chronic Pseudomonas aeruginosa infection in cystic fibrosis Pseudomonas aeruginosa (Pa) infection in cystic fibrosis (CF) patients is associated with worse long-term pulmonary disease and shorter survival, and chronic Pa infection (CPA) is associated with reduced lung function, faster rate of lung decline, increased rates of exacerbations and shorter survival. By using exome sequencing and extreme phenotype design, it was recently shown that isoforms of dynactin 4 (DCTN4) may influence Pa infection in CF, leading to worse respiratory disease. The purpose of this study was to investigate the role of DCTN4 missense variants on Pa infection incidence, age at first Pa infection and chronic Pa infection incidence in a cohort of adult CF patients from a single centre. Polymerase chain reaction and direct sequencing were used to screen DNA samples for DCTN4 variants. A total of 121 adult CF patients from the Cochin Hospital CF centre have been included, all of them carrying two CFTR defects: 103 developed at least 1 pulmonary infection with Pa, and 68 patients of them had CPA. DCTN4 variants were identified in 24% (29/121) CF patients with Pa infection and in only 17% (3/18) CF patients with no Pa infection. Of the patients with CPA, 29% (20/68) had DCTN4 missense variants vs 23% (8/35) in patients without CPA. Interestingly, p.Tyr263Cys tend to be more frequently observed in CF patients with CPA than in patients without CPA (4/68 vs 0/35), and DCTN4 missense variants tend to be more frequent in male CF patients with CPA bearing two class II mutations than in male CF patients without CPA bearing two class II mutations (P = 0.06). Our observations reinforce that DCTN4 missense variants, especially p.Tyr263Cys, may be involved in the pathogenesis of CPA in male CF.",T103
CF,"DCTN4 as a modifier of chronic Pseudomonas aeruginosa infection in cystic fibrosis Pseudomonas aeruginosa (Pa) infection in cystic fibrosis (CF) patients is associated with worse long-term pulmonary disease and shorter survival, and chronic Pa infection (CPA) is associated with reduced lung function, faster rate of lung decline, increased rates of exacerbations and shorter survival. By using exome sequencing and extreme phenotype design, it was recently shown that isoforms of dynactin 4 (DCTN4) may influence Pa infection in CF, leading to worse respiratory disease. The purpose of this study was to investigate the role of DCTN4 missense variants on Pa infection incidence, age at first Pa infection and chronic Pa infection incidence in a cohort of adult CF patients from a single centre. Polymerase chain reaction and direct sequencing were used to screen DNA samples for DCTN4 variants. A total of 121 adult CF patients from the Cochin Hospital CF centre have been included, all of them carrying two CFTR defects: 103 developed at least 1 pulmonary infection with Pa, and 68 patients of them had CPA. DCTN4 variants were identified in 24% (29/121) CF patients with Pa infection and in only 17% (3/18) CF patients with no Pa infection. Of the patients with CPA, 29% (20/68) had DCTN4 missense variants vs 23% (8/35) in patients without CPA. Interestingly, p.Tyr263Cys tend to be more frequently observed in CF patients with CPA than in patients without CPA (4/68 vs 0/35), and DCTN4 missense variants tend to be more frequent in male CF patients with CPA bearing two class II mutations than in male CF patients without CPA bearing two class II mutations (P = 0.06). Our observations reinforce that DCTN4 missense variants, especially p.Tyr263Cys, may be involved in the pathogenesis of CPA in male CF.",T038
Pa infection,"DCTN4 as a modifier of chronic Pseudomonas aeruginosa infection in cystic fibrosis Pseudomonas aeruginosa (Pa) infection in cystic fibrosis (CF) patients is associated with worse long-term pulmonary disease and shorter survival, and chronic Pa infection (CPA) is associated with reduced lung function, faster rate of lung decline, increased rates of exacerbations and shorter survival. By using exome sequencing and extreme phenotype design, it was recently shown that isoforms of dynactin 4 (DCTN4) may influence Pa infection in CF, leading to worse respiratory disease. The purpose of this study was to investigate the role of DCTN4 missense variants on Pa infection incidence, age at first Pa infection and chronic Pa infection incidence in a cohort of adult CF patients from a single centre. Polymerase chain reaction and direct sequencing were used to screen DNA samples for DCTN4 variants. A total of 121 adult CF patients from the Cochin Hospital CF centre have been included, all of them carrying two CFTR defects: 103 developed at least 1 pulmonary infection with Pa, and 68 patients of them had CPA. DCTN4 variants were identified in 24% (29/121) CF patients with Pa infection and in only 17% (3/18) CF patients with no Pa infection. Of the patients with CPA, 29% (20/68) had DCTN4 missense variants vs 23% (8/35) in patients without CPA. Interestingly, p.Tyr263Cys tend to be more frequently observed in CF patients with CPA than in patients without CPA (4/68 vs 0/35), and DCTN4 missense variants tend to be more frequent in male CF patients with CPA bearing two class II mutations than in male CF patients without CPA bearing two class II mutations (P = 0.06). Our observations reinforce that DCTN4 missense variants, especially p.Tyr263Cys, may be involved in the pathogenesis of CPA in male CF.",T038
CF,"DCTN4 as a modifier of chronic Pseudomonas aeruginosa infection in cystic fibrosis Pseudomonas aeruginosa (Pa) infection in cystic fibrosis (CF) patients is associated with worse long-term pulmonary disease and shorter survival, and chronic Pa infection (CPA) is associated with reduced lung function, faster rate of lung decline, increased rates of exacerbations and shorter survival. By using exome sequencing and extreme phenotype design, it was recently shown that isoforms of dynactin 4 (DCTN4) may influence Pa infection in CF, leading to worse respiratory disease. The purpose of this study was to investigate the role of DCTN4 missense variants on Pa infection incidence, age at first Pa infection and chronic Pa infection incidence in a cohort of adult CF patients from a single centre. Polymerase chain reaction and direct sequencing were used to screen DNA samples for DCTN4 variants. A total of 121 adult CF patients from the Cochin Hospital CF centre have been included, all of them carrying two CFTR defects: 103 developed at least 1 pulmonary infection with Pa, and 68 patients of them had CPA. DCTN4 variants were identified in 24% (29/121) CF patients with Pa infection and in only 17% (3/18) CF patients with no Pa infection. Of the patients with CPA, 29% (20/68) had DCTN4 missense variants vs 23% (8/35) in patients without CPA. Interestingly, p.Tyr263Cys tend to be more frequently observed in CF patients with CPA than in patients without CPA (4/68 vs 0/35), and DCTN4 missense variants tend to be more frequent in male CF patients with CPA bearing two class II mutations than in male CF patients without CPA bearing two class II mutations (P = 0.06). Our observations reinforce that DCTN4 missense variants, especially p.Tyr263Cys, may be involved in the pathogenesis of CPA in male CF.",T038
Pa infection,"DCTN4 as a modifier of chronic Pseudomonas aeruginosa infection in cystic fibrosis Pseudomonas aeruginosa (Pa) infection in cystic fibrosis (CF) patients is associated with worse long-term pulmonary disease and shorter survival, and chronic Pa infection (CPA) is associated with reduced lung function, faster rate of lung decline, increased rates of exacerbations and shorter survival. By using exome sequencing and extreme phenotype design, it was recently shown that isoforms of dynactin 4 (DCTN4) may influence Pa infection in CF, leading to worse respiratory disease. The purpose of this study was to investigate the role of DCTN4 missense variants on Pa infection incidence, age at first Pa infection and chronic Pa infection incidence in a cohort of adult CF patients from a single centre. Polymerase chain reaction and direct sequencing were used to screen DNA samples for DCTN4 variants. A total of 121 adult CF patients from the Cochin Hospital CF centre have been included, all of them carrying two CFTR defects: 103 developed at least 1 pulmonary infection with Pa, and 68 patients of them had CPA. DCTN4 variants were identified in 24% (29/121) CF patients with Pa infection and in only 17% (3/18) CF patients with no Pa infection. Of the patients with CPA, 29% (20/68) had DCTN4 missense variants vs 23% (8/35) in patients without CPA. Interestingly, p.Tyr263Cys tend to be more frequently observed in CF patients with CPA than in patients without CPA (4/68 vs 0/35), and DCTN4 missense variants tend to be more frequent in male CF patients with CPA bearing two class II mutations than in male CF patients without CPA bearing two class II mutations (P = 0.06). Our observations reinforce that DCTN4 missense variants, especially p.Tyr263Cys, may be involved in the pathogenesis of CPA in male CF.",T038
CPA,"DCTN4 as a modifier of chronic Pseudomonas aeruginosa infection in cystic fibrosis Pseudomonas aeruginosa (Pa) infection in cystic fibrosis (CF) patients is associated with worse long-term pulmonary disease and shorter survival, and chronic Pa infection (CPA) is associated with reduced lung function, faster rate of lung decline, increased rates of exacerbations and shorter survival. By using exome sequencing and extreme phenotype design, it was recently shown that isoforms of dynactin 4 (DCTN4) may influence Pa infection in CF, leading to worse respiratory disease. The purpose of this study was to investigate the role of DCTN4 missense variants on Pa infection incidence, age at first Pa infection and chronic Pa infection incidence in a cohort of adult CF patients from a single centre. Polymerase chain reaction and direct sequencing were used to screen DNA samples for DCTN4 variants. A total of 121 adult CF patients from the Cochin Hospital CF centre have been included, all of them carrying two CFTR defects: 103 developed at least 1 pulmonary infection with Pa, and 68 patients of them had CPA. DCTN4 variants were identified in 24% (29/121) CF patients with Pa infection and in only 17% (3/18) CF patients with no Pa infection. Of the patients with CPA, 29% (20/68) had DCTN4 missense variants vs 23% (8/35) in patients without CPA. Interestingly, p.Tyr263Cys tend to be more frequently observed in CF patients with CPA than in patients without CPA (4/68 vs 0/35), and DCTN4 missense variants tend to be more frequent in male CF patients with CPA bearing two class II mutations than in male CF patients without CPA bearing two class II mutations (P = 0.06). Our observations reinforce that DCTN4 missense variants, especially p.Tyr263Cys, may be involved in the pathogenesis of CPA in male CF.",T038
DCTN4,"DCTN4 as a modifier of chronic Pseudomonas aeruginosa infection in cystic fibrosis Pseudomonas aeruginosa (Pa) infection in cystic fibrosis (CF) patients is associated with worse long-term pulmonary disease and shorter survival, and chronic Pa infection (CPA) is associated with reduced lung function, faster rate of lung decline, increased rates of exacerbations and shorter survival. By using exome sequencing and extreme phenotype design, it was recently shown that isoforms of dynactin 4 (DCTN4) may influence Pa infection in CF, leading to worse respiratory disease. The purpose of this study was to investigate the role of DCTN4 missense variants on Pa infection incidence, age at first Pa infection and chronic Pa infection incidence in a cohort of adult CF patients from a single centre. Polymerase chain reaction and direct sequencing were used to screen DNA samples for DCTN4 variants. A total of 121 adult CF patients from the Cochin Hospital CF centre have been included, all of them carrying two CFTR defects: 103 developed at least 1 pulmonary infection with Pa, and 68 patients of them had CPA. DCTN4 variants were identified in 24% (29/121) CF patients with Pa infection and in only 17% (3/18) CF patients with no Pa infection. Of the patients with CPA, 29% (20/68) had DCTN4 missense variants vs 23% (8/35) in patients without CPA. Interestingly, p.Tyr263Cys tend to be more frequently observed in CF patients with CPA than in patients without CPA (4/68 vs 0/35), and DCTN4 missense variants tend to be more frequent in male CF patients with CPA bearing two class II mutations than in male CF patients without CPA bearing two class II mutations (P = 0.06). Our observations reinforce that DCTN4 missense variants, especially p.Tyr263Cys, may be involved in the pathogenesis of CPA in male CF.",T103
variants,"DCTN4 as a modifier of chronic Pseudomonas aeruginosa infection in cystic fibrosis Pseudomonas aeruginosa (Pa) infection in cystic fibrosis (CF) patients is associated with worse long-term pulmonary disease and shorter survival, and chronic Pa infection (CPA) is associated with reduced lung function, faster rate of lung decline, increased rates of exacerbations and shorter survival. By using exome sequencing and extreme phenotype design, it was recently shown that isoforms of dynactin 4 (DCTN4) may influence Pa infection in CF, leading to worse respiratory disease. The purpose of this study was to investigate the role of DCTN4 missense variants on Pa infection incidence, age at first Pa infection and chronic Pa infection incidence in a cohort of adult CF patients from a single centre. Polymerase chain reaction and direct sequencing were used to screen DNA samples for DCTN4 variants. A total of 121 adult CF patients from the Cochin Hospital CF centre have been included, all of them carrying two CFTR defects: 103 developed at least 1 pulmonary infection with Pa, and 68 patients of them had CPA. DCTN4 variants were identified in 24% (29/121) CF patients with Pa infection and in only 17% (3/18) CF patients with no Pa infection. Of the patients with CPA, 29% (20/68) had DCTN4 missense variants vs 23% (8/35) in patients without CPA. Interestingly, p.Tyr263Cys tend to be more frequently observed in CF patients with CPA than in patients without CPA (4/68 vs 0/35), and DCTN4 missense variants tend to be more frequent in male CF patients with CPA bearing two class II mutations than in male CF patients without CPA bearing two class II mutations (P = 0.06). Our observations reinforce that DCTN4 missense variants, especially p.Tyr263Cys, may be involved in the pathogenesis of CPA in male CF.",T103
CPA,"DCTN4 as a modifier of chronic Pseudomonas aeruginosa infection in cystic fibrosis Pseudomonas aeruginosa (Pa) infection in cystic fibrosis (CF) patients is associated with worse long-term pulmonary disease and shorter survival, and chronic Pa infection (CPA) is associated with reduced lung function, faster rate of lung decline, increased rates of exacerbations and shorter survival. By using exome sequencing and extreme phenotype design, it was recently shown that isoforms of dynactin 4 (DCTN4) may influence Pa infection in CF, leading to worse respiratory disease. The purpose of this study was to investigate the role of DCTN4 missense variants on Pa infection incidence, age at first Pa infection and chronic Pa infection incidence in a cohort of adult CF patients from a single centre. Polymerase chain reaction and direct sequencing were used to screen DNA samples for DCTN4 variants. A total of 121 adult CF patients from the Cochin Hospital CF centre have been included, all of them carrying two CFTR defects: 103 developed at least 1 pulmonary infection with Pa, and 68 patients of them had CPA. DCTN4 variants were identified in 24% (29/121) CF patients with Pa infection and in only 17% (3/18) CF patients with no Pa infection. Of the patients with CPA, 29% (20/68) had DCTN4 missense variants vs 23% (8/35) in patients without CPA. Interestingly, p.Tyr263Cys tend to be more frequently observed in CF patients with CPA than in patients without CPA (4/68 vs 0/35), and DCTN4 missense variants tend to be more frequent in male CF patients with CPA bearing two class II mutations than in male CF patients without CPA bearing two class II mutations (P = 0.06). Our observations reinforce that DCTN4 missense variants, especially p.Tyr263Cys, may be involved in the pathogenesis of CPA in male CF.",T038
p.Tyr263Cys,"DCTN4 as a modifier of chronic Pseudomonas aeruginosa infection in cystic fibrosis Pseudomonas aeruginosa (Pa) infection in cystic fibrosis (CF) patients is associated with worse long-term pulmonary disease and shorter survival, and chronic Pa infection (CPA) is associated with reduced lung function, faster rate of lung decline, increased rates of exacerbations and shorter survival. By using exome sequencing and extreme phenotype design, it was recently shown that isoforms of dynactin 4 (DCTN4) may influence Pa infection in CF, leading to worse respiratory disease. The purpose of this study was to investigate the role of DCTN4 missense variants on Pa infection incidence, age at first Pa infection and chronic Pa infection incidence in a cohort of adult CF patients from a single centre. Polymerase chain reaction and direct sequencing were used to screen DNA samples for DCTN4 variants. A total of 121 adult CF patients from the Cochin Hospital CF centre have been included, all of them carrying two CFTR defects: 103 developed at least 1 pulmonary infection with Pa, and 68 patients of them had CPA. DCTN4 variants were identified in 24% (29/121) CF patients with Pa infection and in only 17% (3/18) CF patients with no Pa infection. Of the patients with CPA, 29% (20/68) had DCTN4 missense variants vs 23% (8/35) in patients without CPA. Interestingly, p.Tyr263Cys tend to be more frequently observed in CF patients with CPA than in patients without CPA (4/68 vs 0/35), and DCTN4 missense variants tend to be more frequent in male CF patients with CPA bearing two class II mutations than in male CF patients without CPA bearing two class II mutations (P = 0.06). Our observations reinforce that DCTN4 missense variants, especially p.Tyr263Cys, may be involved in the pathogenesis of CPA in male CF.",T103
CF,"DCTN4 as a modifier of chronic Pseudomonas aeruginosa infection in cystic fibrosis Pseudomonas aeruginosa (Pa) infection in cystic fibrosis (CF) patients is associated with worse long-term pulmonary disease and shorter survival, and chronic Pa infection (CPA) is associated with reduced lung function, faster rate of lung decline, increased rates of exacerbations and shorter survival. By using exome sequencing and extreme phenotype design, it was recently shown that isoforms of dynactin 4 (DCTN4) may influence Pa infection in CF, leading to worse respiratory disease. The purpose of this study was to investigate the role of DCTN4 missense variants on Pa infection incidence, age at first Pa infection and chronic Pa infection incidence in a cohort of adult CF patients from a single centre. Polymerase chain reaction and direct sequencing were used to screen DNA samples for DCTN4 variants. A total of 121 adult CF patients from the Cochin Hospital CF centre have been included, all of them carrying two CFTR defects: 103 developed at least 1 pulmonary infection with Pa, and 68 patients of them had CPA. DCTN4 variants were identified in 24% (29/121) CF patients with Pa infection and in only 17% (3/18) CF patients with no Pa infection. Of the patients with CPA, 29% (20/68) had DCTN4 missense variants vs 23% (8/35) in patients without CPA. Interestingly, p.Tyr263Cys tend to be more frequently observed in CF patients with CPA than in patients without CPA (4/68 vs 0/35), and DCTN4 missense variants tend to be more frequent in male CF patients with CPA bearing two class II mutations than in male CF patients without CPA bearing two class II mutations (P = 0.06). Our observations reinforce that DCTN4 missense variants, especially p.Tyr263Cys, may be involved in the pathogenesis of CPA in male CF.",T038
CPA,"DCTN4 as a modifier of chronic Pseudomonas aeruginosa infection in cystic fibrosis Pseudomonas aeruginosa (Pa) infection in cystic fibrosis (CF) patients is associated with worse long-term pulmonary disease and shorter survival, and chronic Pa infection (CPA) is associated with reduced lung function, faster rate of lung decline, increased rates of exacerbations and shorter survival. By using exome sequencing and extreme phenotype design, it was recently shown that isoforms of dynactin 4 (DCTN4) may influence Pa infection in CF, leading to worse respiratory disease. The purpose of this study was to investigate the role of DCTN4 missense variants on Pa infection incidence, age at first Pa infection and chronic Pa infection incidence in a cohort of adult CF patients from a single centre. Polymerase chain reaction and direct sequencing were used to screen DNA samples for DCTN4 variants. A total of 121 adult CF patients from the Cochin Hospital CF centre have been included, all of them carrying two CFTR defects: 103 developed at least 1 pulmonary infection with Pa, and 68 patients of them had CPA. DCTN4 variants were identified in 24% (29/121) CF patients with Pa infection and in only 17% (3/18) CF patients with no Pa infection. Of the patients with CPA, 29% (20/68) had DCTN4 missense variants vs 23% (8/35) in patients without CPA. Interestingly, p.Tyr263Cys tend to be more frequently observed in CF patients with CPA than in patients without CPA (4/68 vs 0/35), and DCTN4 missense variants tend to be more frequent in male CF patients with CPA bearing two class II mutations than in male CF patients without CPA bearing two class II mutations (P = 0.06). Our observations reinforce that DCTN4 missense variants, especially p.Tyr263Cys, may be involved in the pathogenesis of CPA in male CF.",T038
CPA,"DCTN4 as a modifier of chronic Pseudomonas aeruginosa infection in cystic fibrosis Pseudomonas aeruginosa (Pa) infection in cystic fibrosis (CF) patients is associated with worse long-term pulmonary disease and shorter survival, and chronic Pa infection (CPA) is associated with reduced lung function, faster rate of lung decline, increased rates of exacerbations and shorter survival. By using exome sequencing and extreme phenotype design, it was recently shown that isoforms of dynactin 4 (DCTN4) may influence Pa infection in CF, leading to worse respiratory disease. The purpose of this study was to investigate the role of DCTN4 missense variants on Pa infection incidence, age at first Pa infection and chronic Pa infection incidence in a cohort of adult CF patients from a single centre. Polymerase chain reaction and direct sequencing were used to screen DNA samples for DCTN4 variants. A total of 121 adult CF patients from the Cochin Hospital CF centre have been included, all of them carrying two CFTR defects: 103 developed at least 1 pulmonary infection with Pa, and 68 patients of them had CPA. DCTN4 variants were identified in 24% (29/121) CF patients with Pa infection and in only 17% (3/18) CF patients with no Pa infection. Of the patients with CPA, 29% (20/68) had DCTN4 missense variants vs 23% (8/35) in patients without CPA. Interestingly, p.Tyr263Cys tend to be more frequently observed in CF patients with CPA than in patients without CPA (4/68 vs 0/35), and DCTN4 missense variants tend to be more frequent in male CF patients with CPA bearing two class II mutations than in male CF patients without CPA bearing two class II mutations (P = 0.06). Our observations reinforce that DCTN4 missense variants, especially p.Tyr263Cys, may be involved in the pathogenesis of CPA in male CF.",T038
DCTN4,"DCTN4 as a modifier of chronic Pseudomonas aeruginosa infection in cystic fibrosis Pseudomonas aeruginosa (Pa) infection in cystic fibrosis (CF) patients is associated with worse long-term pulmonary disease and shorter survival, and chronic Pa infection (CPA) is associated with reduced lung function, faster rate of lung decline, increased rates of exacerbations and shorter survival. By using exome sequencing and extreme phenotype design, it was recently shown that isoforms of dynactin 4 (DCTN4) may influence Pa infection in CF, leading to worse respiratory disease. The purpose of this study was to investigate the role of DCTN4 missense variants on Pa infection incidence, age at first Pa infection and chronic Pa infection incidence in a cohort of adult CF patients from a single centre. Polymerase chain reaction and direct sequencing were used to screen DNA samples for DCTN4 variants. A total of 121 adult CF patients from the Cochin Hospital CF centre have been included, all of them carrying two CFTR defects: 103 developed at least 1 pulmonary infection with Pa, and 68 patients of them had CPA. DCTN4 variants were identified in 24% (29/121) CF patients with Pa infection and in only 17% (3/18) CF patients with no Pa infection. Of the patients with CPA, 29% (20/68) had DCTN4 missense variants vs 23% (8/35) in patients without CPA. Interestingly, p.Tyr263Cys tend to be more frequently observed in CF patients with CPA than in patients without CPA (4/68 vs 0/35), and DCTN4 missense variants tend to be more frequent in male CF patients with CPA bearing two class II mutations than in male CF patients without CPA bearing two class II mutations (P = 0.06). Our observations reinforce that DCTN4 missense variants, especially p.Tyr263Cys, may be involved in the pathogenesis of CPA in male CF.",T103
variants,"DCTN4 as a modifier of chronic Pseudomonas aeruginosa infection in cystic fibrosis Pseudomonas aeruginosa (Pa) infection in cystic fibrosis (CF) patients is associated with worse long-term pulmonary disease and shorter survival, and chronic Pa infection (CPA) is associated with reduced lung function, faster rate of lung decline, increased rates of exacerbations and shorter survival. By using exome sequencing and extreme phenotype design, it was recently shown that isoforms of dynactin 4 (DCTN4) may influence Pa infection in CF, leading to worse respiratory disease. The purpose of this study was to investigate the role of DCTN4 missense variants on Pa infection incidence, age at first Pa infection and chronic Pa infection incidence in a cohort of adult CF patients from a single centre. Polymerase chain reaction and direct sequencing were used to screen DNA samples for DCTN4 variants. A total of 121 adult CF patients from the Cochin Hospital CF centre have been included, all of them carrying two CFTR defects: 103 developed at least 1 pulmonary infection with Pa, and 68 patients of them had CPA. DCTN4 variants were identified in 24% (29/121) CF patients with Pa infection and in only 17% (3/18) CF patients with no Pa infection. Of the patients with CPA, 29% (20/68) had DCTN4 missense variants vs 23% (8/35) in patients without CPA. Interestingly, p.Tyr263Cys tend to be more frequently observed in CF patients with CPA than in patients without CPA (4/68 vs 0/35), and DCTN4 missense variants tend to be more frequent in male CF patients with CPA bearing two class II mutations than in male CF patients without CPA bearing two class II mutations (P = 0.06). Our observations reinforce that DCTN4 missense variants, especially p.Tyr263Cys, may be involved in the pathogenesis of CPA in male CF.",T103
CF,"DCTN4 as a modifier of chronic Pseudomonas aeruginosa infection in cystic fibrosis Pseudomonas aeruginosa (Pa) infection in cystic fibrosis (CF) patients is associated with worse long-term pulmonary disease and shorter survival, and chronic Pa infection (CPA) is associated with reduced lung function, faster rate of lung decline, increased rates of exacerbations and shorter survival. By using exome sequencing and extreme phenotype design, it was recently shown that isoforms of dynactin 4 (DCTN4) may influence Pa infection in CF, leading to worse respiratory disease. The purpose of this study was to investigate the role of DCTN4 missense variants on Pa infection incidence, age at first Pa infection and chronic Pa infection incidence in a cohort of adult CF patients from a single centre. Polymerase chain reaction and direct sequencing were used to screen DNA samples for DCTN4 variants. A total of 121 adult CF patients from the Cochin Hospital CF centre have been included, all of them carrying two CFTR defects: 103 developed at least 1 pulmonary infection with Pa, and 68 patients of them had CPA. DCTN4 variants were identified in 24% (29/121) CF patients with Pa infection and in only 17% (3/18) CF patients with no Pa infection. Of the patients with CPA, 29% (20/68) had DCTN4 missense variants vs 23% (8/35) in patients without CPA. Interestingly, p.Tyr263Cys tend to be more frequently observed in CF patients with CPA than in patients without CPA (4/68 vs 0/35), and DCTN4 missense variants tend to be more frequent in male CF patients with CPA bearing two class II mutations than in male CF patients without CPA bearing two class II mutations (P = 0.06). Our observations reinforce that DCTN4 missense variants, especially p.Tyr263Cys, may be involved in the pathogenesis of CPA in male CF.",T038
CPA,"DCTN4 as a modifier of chronic Pseudomonas aeruginosa infection in cystic fibrosis Pseudomonas aeruginosa (Pa) infection in cystic fibrosis (CF) patients is associated with worse long-term pulmonary disease and shorter survival, and chronic Pa infection (CPA) is associated with reduced lung function, faster rate of lung decline, increased rates of exacerbations and shorter survival. By using exome sequencing and extreme phenotype design, it was recently shown that isoforms of dynactin 4 (DCTN4) may influence Pa infection in CF, leading to worse respiratory disease. The purpose of this study was to investigate the role of DCTN4 missense variants on Pa infection incidence, age at first Pa infection and chronic Pa infection incidence in a cohort of adult CF patients from a single centre. Polymerase chain reaction and direct sequencing were used to screen DNA samples for DCTN4 variants. A total of 121 adult CF patients from the Cochin Hospital CF centre have been included, all of them carrying two CFTR defects: 103 developed at least 1 pulmonary infection with Pa, and 68 patients of them had CPA. DCTN4 variants were identified in 24% (29/121) CF patients with Pa infection and in only 17% (3/18) CF patients with no Pa infection. Of the patients with CPA, 29% (20/68) had DCTN4 missense variants vs 23% (8/35) in patients without CPA. Interestingly, p.Tyr263Cys tend to be more frequently observed in CF patients with CPA than in patients without CPA (4/68 vs 0/35), and DCTN4 missense variants tend to be more frequent in male CF patients with CPA bearing two class II mutations than in male CF patients without CPA bearing two class II mutations (P = 0.06). Our observations reinforce that DCTN4 missense variants, especially p.Tyr263Cys, may be involved in the pathogenesis of CPA in male CF.",T038
class II mutations,"DCTN4 as a modifier of chronic Pseudomonas aeruginosa infection in cystic fibrosis Pseudomonas aeruginosa (Pa) infection in cystic fibrosis (CF) patients is associated with worse long-term pulmonary disease and shorter survival, and chronic Pa infection (CPA) is associated with reduced lung function, faster rate of lung decline, increased rates of exacerbations and shorter survival. By using exome sequencing and extreme phenotype design, it was recently shown that isoforms of dynactin 4 (DCTN4) may influence Pa infection in CF, leading to worse respiratory disease. The purpose of this study was to investigate the role of DCTN4 missense variants on Pa infection incidence, age at first Pa infection and chronic Pa infection incidence in a cohort of adult CF patients from a single centre. Polymerase chain reaction and direct sequencing were used to screen DNA samples for DCTN4 variants. A total of 121 adult CF patients from the Cochin Hospital CF centre have been included, all of them carrying two CFTR defects: 103 developed at least 1 pulmonary infection with Pa, and 68 patients of them had CPA. DCTN4 variants were identified in 24% (29/121) CF patients with Pa infection and in only 17% (3/18) CF patients with no Pa infection. Of the patients with CPA, 29% (20/68) had DCTN4 missense variants vs 23% (8/35) in patients without CPA. Interestingly, p.Tyr263Cys tend to be more frequently observed in CF patients with CPA than in patients without CPA (4/68 vs 0/35), and DCTN4 missense variants tend to be more frequent in male CF patients with CPA bearing two class II mutations than in male CF patients without CPA bearing two class II mutations (P = 0.06). Our observations reinforce that DCTN4 missense variants, especially p.Tyr263Cys, may be involved in the pathogenesis of CPA in male CF.",T038
CF,"DCTN4 as a modifier of chronic Pseudomonas aeruginosa infection in cystic fibrosis Pseudomonas aeruginosa (Pa) infection in cystic fibrosis (CF) patients is associated with worse long-term pulmonary disease and shorter survival, and chronic Pa infection (CPA) is associated with reduced lung function, faster rate of lung decline, increased rates of exacerbations and shorter survival. By using exome sequencing and extreme phenotype design, it was recently shown that isoforms of dynactin 4 (DCTN4) may influence Pa infection in CF, leading to worse respiratory disease. The purpose of this study was to investigate the role of DCTN4 missense variants on Pa infection incidence, age at first Pa infection and chronic Pa infection incidence in a cohort of adult CF patients from a single centre. Polymerase chain reaction and direct sequencing were used to screen DNA samples for DCTN4 variants. A total of 121 adult CF patients from the Cochin Hospital CF centre have been included, all of them carrying two CFTR defects: 103 developed at least 1 pulmonary infection with Pa, and 68 patients of them had CPA. DCTN4 variants were identified in 24% (29/121) CF patients with Pa infection and in only 17% (3/18) CF patients with no Pa infection. Of the patients with CPA, 29% (20/68) had DCTN4 missense variants vs 23% (8/35) in patients without CPA. Interestingly, p.Tyr263Cys tend to be more frequently observed in CF patients with CPA than in patients without CPA (4/68 vs 0/35), and DCTN4 missense variants tend to be more frequent in male CF patients with CPA bearing two class II mutations than in male CF patients without CPA bearing two class II mutations (P = 0.06). Our observations reinforce that DCTN4 missense variants, especially p.Tyr263Cys, may be involved in the pathogenesis of CPA in male CF.",T038
CPA,"DCTN4 as a modifier of chronic Pseudomonas aeruginosa infection in cystic fibrosis Pseudomonas aeruginosa (Pa) infection in cystic fibrosis (CF) patients is associated with worse long-term pulmonary disease and shorter survival, and chronic Pa infection (CPA) is associated with reduced lung function, faster rate of lung decline, increased rates of exacerbations and shorter survival. By using exome sequencing and extreme phenotype design, it was recently shown that isoforms of dynactin 4 (DCTN4) may influence Pa infection in CF, leading to worse respiratory disease. The purpose of this study was to investigate the role of DCTN4 missense variants on Pa infection incidence, age at first Pa infection and chronic Pa infection incidence in a cohort of adult CF patients from a single centre. Polymerase chain reaction and direct sequencing were used to screen DNA samples for DCTN4 variants. A total of 121 adult CF patients from the Cochin Hospital CF centre have been included, all of them carrying two CFTR defects: 103 developed at least 1 pulmonary infection with Pa, and 68 patients of them had CPA. DCTN4 variants were identified in 24% (29/121) CF patients with Pa infection and in only 17% (3/18) CF patients with no Pa infection. Of the patients with CPA, 29% (20/68) had DCTN4 missense variants vs 23% (8/35) in patients without CPA. Interestingly, p.Tyr263Cys tend to be more frequently observed in CF patients with CPA than in patients without CPA (4/68 vs 0/35), and DCTN4 missense variants tend to be more frequent in male CF patients with CPA bearing two class II mutations than in male CF patients without CPA bearing two class II mutations (P = 0.06). Our observations reinforce that DCTN4 missense variants, especially p.Tyr263Cys, may be involved in the pathogenesis of CPA in male CF.",T038
class II mutations,"DCTN4 as a modifier of chronic Pseudomonas aeruginosa infection in cystic fibrosis Pseudomonas aeruginosa (Pa) infection in cystic fibrosis (CF) patients is associated with worse long-term pulmonary disease and shorter survival, and chronic Pa infection (CPA) is associated with reduced lung function, faster rate of lung decline, increased rates of exacerbations and shorter survival. By using exome sequencing and extreme phenotype design, it was recently shown that isoforms of dynactin 4 (DCTN4) may influence Pa infection in CF, leading to worse respiratory disease. The purpose of this study was to investigate the role of DCTN4 missense variants on Pa infection incidence, age at first Pa infection and chronic Pa infection incidence in a cohort of adult CF patients from a single centre. Polymerase chain reaction and direct sequencing were used to screen DNA samples for DCTN4 variants. A total of 121 adult CF patients from the Cochin Hospital CF centre have been included, all of them carrying two CFTR defects: 103 developed at least 1 pulmonary infection with Pa, and 68 patients of them had CPA. DCTN4 variants were identified in 24% (29/121) CF patients with Pa infection and in only 17% (3/18) CF patients with no Pa infection. Of the patients with CPA, 29% (20/68) had DCTN4 missense variants vs 23% (8/35) in patients without CPA. Interestingly, p.Tyr263Cys tend to be more frequently observed in CF patients with CPA than in patients without CPA (4/68 vs 0/35), and DCTN4 missense variants tend to be more frequent in male CF patients with CPA bearing two class II mutations than in male CF patients without CPA bearing two class II mutations (P = 0.06). Our observations reinforce that DCTN4 missense variants, especially p.Tyr263Cys, may be involved in the pathogenesis of CPA in male CF.",T038
DCTN4,"DCTN4 as a modifier of chronic Pseudomonas aeruginosa infection in cystic fibrosis Pseudomonas aeruginosa (Pa) infection in cystic fibrosis (CF) patients is associated with worse long-term pulmonary disease and shorter survival, and chronic Pa infection (CPA) is associated with reduced lung function, faster rate of lung decline, increased rates of exacerbations and shorter survival. By using exome sequencing and extreme phenotype design, it was recently shown that isoforms of dynactin 4 (DCTN4) may influence Pa infection in CF, leading to worse respiratory disease. The purpose of this study was to investigate the role of DCTN4 missense variants on Pa infection incidence, age at first Pa infection and chronic Pa infection incidence in a cohort of adult CF patients from a single centre. Polymerase chain reaction and direct sequencing were used to screen DNA samples for DCTN4 variants. A total of 121 adult CF patients from the Cochin Hospital CF centre have been included, all of them carrying two CFTR defects: 103 developed at least 1 pulmonary infection with Pa, and 68 patients of them had CPA. DCTN4 variants were identified in 24% (29/121) CF patients with Pa infection and in only 17% (3/18) CF patients with no Pa infection. Of the patients with CPA, 29% (20/68) had DCTN4 missense variants vs 23% (8/35) in patients without CPA. Interestingly, p.Tyr263Cys tend to be more frequently observed in CF patients with CPA than in patients without CPA (4/68 vs 0/35), and DCTN4 missense variants tend to be more frequent in male CF patients with CPA bearing two class II mutations than in male CF patients without CPA bearing two class II mutations (P = 0.06). Our observations reinforce that DCTN4 missense variants, especially p.Tyr263Cys, may be involved in the pathogenesis of CPA in male CF.",T103
variants,"DCTN4 as a modifier of chronic Pseudomonas aeruginosa infection in cystic fibrosis Pseudomonas aeruginosa (Pa) infection in cystic fibrosis (CF) patients is associated with worse long-term pulmonary disease and shorter survival, and chronic Pa infection (CPA) is associated with reduced lung function, faster rate of lung decline, increased rates of exacerbations and shorter survival. By using exome sequencing and extreme phenotype design, it was recently shown that isoforms of dynactin 4 (DCTN4) may influence Pa infection in CF, leading to worse respiratory disease. The purpose of this study was to investigate the role of DCTN4 missense variants on Pa infection incidence, age at first Pa infection and chronic Pa infection incidence in a cohort of adult CF patients from a single centre. Polymerase chain reaction and direct sequencing were used to screen DNA samples for DCTN4 variants. A total of 121 adult CF patients from the Cochin Hospital CF centre have been included, all of them carrying two CFTR defects: 103 developed at least 1 pulmonary infection with Pa, and 68 patients of them had CPA. DCTN4 variants were identified in 24% (29/121) CF patients with Pa infection and in only 17% (3/18) CF patients with no Pa infection. Of the patients with CPA, 29% (20/68) had DCTN4 missense variants vs 23% (8/35) in patients without CPA. Interestingly, p.Tyr263Cys tend to be more frequently observed in CF patients with CPA than in patients without CPA (4/68 vs 0/35), and DCTN4 missense variants tend to be more frequent in male CF patients with CPA bearing two class II mutations than in male CF patients without CPA bearing two class II mutations (P = 0.06). Our observations reinforce that DCTN4 missense variants, especially p.Tyr263Cys, may be involved in the pathogenesis of CPA in male CF.",T103
p.Tyr263Cys,"DCTN4 as a modifier of chronic Pseudomonas aeruginosa infection in cystic fibrosis Pseudomonas aeruginosa (Pa) infection in cystic fibrosis (CF) patients is associated with worse long-term pulmonary disease and shorter survival, and chronic Pa infection (CPA) is associated with reduced lung function, faster rate of lung decline, increased rates of exacerbations and shorter survival. By using exome sequencing and extreme phenotype design, it was recently shown that isoforms of dynactin 4 (DCTN4) may influence Pa infection in CF, leading to worse respiratory disease. The purpose of this study was to investigate the role of DCTN4 missense variants on Pa infection incidence, age at first Pa infection and chronic Pa infection incidence in a cohort of adult CF patients from a single centre. Polymerase chain reaction and direct sequencing were used to screen DNA samples for DCTN4 variants. A total of 121 adult CF patients from the Cochin Hospital CF centre have been included, all of them carrying two CFTR defects: 103 developed at least 1 pulmonary infection with Pa, and 68 patients of them had CPA. DCTN4 variants were identified in 24% (29/121) CF patients with Pa infection and in only 17% (3/18) CF patients with no Pa infection. Of the patients with CPA, 29% (20/68) had DCTN4 missense variants vs 23% (8/35) in patients without CPA. Interestingly, p.Tyr263Cys tend to be more frequently observed in CF patients with CPA than in patients without CPA (4/68 vs 0/35), and DCTN4 missense variants tend to be more frequent in male CF patients with CPA bearing two class II mutations than in male CF patients without CPA bearing two class II mutations (P = 0.06). Our observations reinforce that DCTN4 missense variants, especially p.Tyr263Cys, may be involved in the pathogenesis of CPA in male CF.",T103
pathogenesis,"DCTN4 as a modifier of chronic Pseudomonas aeruginosa infection in cystic fibrosis Pseudomonas aeruginosa (Pa) infection in cystic fibrosis (CF) patients is associated with worse long-term pulmonary disease and shorter survival, and chronic Pa infection (CPA) is associated with reduced lung function, faster rate of lung decline, increased rates of exacerbations and shorter survival. By using exome sequencing and extreme phenotype design, it was recently shown that isoforms of dynactin 4 (DCTN4) may influence Pa infection in CF, leading to worse respiratory disease. The purpose of this study was to investigate the role of DCTN4 missense variants on Pa infection incidence, age at first Pa infection and chronic Pa infection incidence in a cohort of adult CF patients from a single centre. Polymerase chain reaction and direct sequencing were used to screen DNA samples for DCTN4 variants. A total of 121 adult CF patients from the Cochin Hospital CF centre have been included, all of them carrying two CFTR defects: 103 developed at least 1 pulmonary infection with Pa, and 68 patients of them had CPA. DCTN4 variants were identified in 24% (29/121) CF patients with Pa infection and in only 17% (3/18) CF patients with no Pa infection. Of the patients with CPA, 29% (20/68) had DCTN4 missense variants vs 23% (8/35) in patients without CPA. Interestingly, p.Tyr263Cys tend to be more frequently observed in CF patients with CPA than in patients without CPA (4/68 vs 0/35), and DCTN4 missense variants tend to be more frequent in male CF patients with CPA bearing two class II mutations than in male CF patients without CPA bearing two class II mutations (P = 0.06). Our observations reinforce that DCTN4 missense variants, especially p.Tyr263Cys, may be involved in the pathogenesis of CPA in male CF.",T038
CPA,"DCTN4 as a modifier of chronic Pseudomonas aeruginosa infection in cystic fibrosis Pseudomonas aeruginosa (Pa) infection in cystic fibrosis (CF) patients is associated with worse long-term pulmonary disease and shorter survival, and chronic Pa infection (CPA) is associated with reduced lung function, faster rate of lung decline, increased rates of exacerbations and shorter survival. By using exome sequencing and extreme phenotype design, it was recently shown that isoforms of dynactin 4 (DCTN4) may influence Pa infection in CF, leading to worse respiratory disease. The purpose of this study was to investigate the role of DCTN4 missense variants on Pa infection incidence, age at first Pa infection and chronic Pa infection incidence in a cohort of adult CF patients from a single centre. Polymerase chain reaction and direct sequencing were used to screen DNA samples for DCTN4 variants. A total of 121 adult CF patients from the Cochin Hospital CF centre have been included, all of them carrying two CFTR defects: 103 developed at least 1 pulmonary infection with Pa, and 68 patients of them had CPA. DCTN4 variants were identified in 24% (29/121) CF patients with Pa infection and in only 17% (3/18) CF patients with no Pa infection. Of the patients with CPA, 29% (20/68) had DCTN4 missense variants vs 23% (8/35) in patients without CPA. Interestingly, p.Tyr263Cys tend to be more frequently observed in CF patients with CPA than in patients without CPA (4/68 vs 0/35), and DCTN4 missense variants tend to be more frequent in male CF patients with CPA bearing two class II mutations than in male CF patients without CPA bearing two class II mutations (P = 0.06). Our observations reinforce that DCTN4 missense variants, especially p.Tyr263Cys, may be involved in the pathogenesis of CPA in male CF.",T038
CF,"DCTN4 as a modifier of chronic Pseudomonas aeruginosa infection in cystic fibrosis Pseudomonas aeruginosa (Pa) infection in cystic fibrosis (CF) patients is associated with worse long-term pulmonary disease and shorter survival, and chronic Pa infection (CPA) is associated with reduced lung function, faster rate of lung decline, increased rates of exacerbations and shorter survival. By using exome sequencing and extreme phenotype design, it was recently shown that isoforms of dynactin 4 (DCTN4) may influence Pa infection in CF, leading to worse respiratory disease. The purpose of this study was to investigate the role of DCTN4 missense variants on Pa infection incidence, age at first Pa infection and chronic Pa infection incidence in a cohort of adult CF patients from a single centre. Polymerase chain reaction and direct sequencing were used to screen DNA samples for DCTN4 variants. A total of 121 adult CF patients from the Cochin Hospital CF centre have been included, all of them carrying two CFTR defects: 103 developed at least 1 pulmonary infection with Pa, and 68 patients of them had CPA. DCTN4 variants were identified in 24% (29/121) CF patients with Pa infection and in only 17% (3/18) CF patients with no Pa infection. Of the patients with CPA, 29% (20/68) had DCTN4 missense variants vs 23% (8/35) in patients without CPA. Interestingly, p.Tyr263Cys tend to be more frequently observed in CF patients with CPA than in patients without CPA (4/68 vs 0/35), and DCTN4 missense variants tend to be more frequent in male CF patients with CPA bearing two class II mutations than in male CF patients without CPA bearing two class II mutations (P = 0.06). Our observations reinforce that DCTN4 missense variants, especially p.Tyr263Cys, may be involved in the pathogenesis of CPA in male CF.",T038
apoptosis,"Nonylphenol diethoxylate inhibits apoptosis induced in PC12 cells Nonylphenol and short-chain nonylphenol ethoxylates such as NP2 EO are present in aquatic environment as wastewater contaminants, and their toxic effects on aquatic species have been reported. Apoptosis has been shown to be induced by serum deprivation or copper treatment. To understand the toxicity of nonylphenol diethoxylate, we investigated the effects of NP2 EO on apoptosis induced by serum deprivation and copper by using PC12 cell system. Nonylphenol diethoxylate itself showed no toxicity and recovered cell viability from apoptosis. In addition, nonylphenol diethoxylate decreased DNA fragmentation caused by apoptosis in PC12 cells. This phenomenon was confirmed after treating apoptotic PC12 cells with nonylphenol diethoxylate, whereas the cytochrome c release into the cytosol decreased as compared to that in apoptotic cells not treated with nonylphenol diethoxylate s. Furthermore, Bax contents in apoptotic cells were reduced after exposure to nonylphenol diethoxylate. Thus, nonylphenol diethoxylate has the opposite effect on apoptosis in PC12 cells compared to nonylphenol, which enhances apoptosis induced by serum deprivation. The difference in structure of the two compounds is hypothesized to be responsible for this phenomenon. These results indicated that nonylphenol diethoxylate has capability to affect cell differentiation and development and has potentially harmful effect on organisms because of its unexpected impact on apoptosis. © 2015 Wiley Periodicals, Inc. Environ Toxicol 31: 1389-1398, 2016.",T038
PC12 cells,"Nonylphenol diethoxylate inhibits apoptosis induced in PC12 cells Nonylphenol and short-chain nonylphenol ethoxylates such as NP2 EO are present in aquatic environment as wastewater contaminants, and their toxic effects on aquatic species have been reported. Apoptosis has been shown to be induced by serum deprivation or copper treatment. To understand the toxicity of nonylphenol diethoxylate, we investigated the effects of NP2 EO on apoptosis induced by serum deprivation and copper by using PC12 cell system. Nonylphenol diethoxylate itself showed no toxicity and recovered cell viability from apoptosis. In addition, nonylphenol diethoxylate decreased DNA fragmentation caused by apoptosis in PC12 cells. This phenomenon was confirmed after treating apoptotic PC12 cells with nonylphenol diethoxylate, whereas the cytochrome c release into the cytosol decreased as compared to that in apoptotic cells not treated with nonylphenol diethoxylate s. Furthermore, Bax contents in apoptotic cells were reduced after exposure to nonylphenol diethoxylate. Thus, nonylphenol diethoxylate has the opposite effect on apoptosis in PC12 cells compared to nonylphenol, which enhances apoptosis induced by serum deprivation. The difference in structure of the two compounds is hypothesized to be responsible for this phenomenon. These results indicated that nonylphenol diethoxylate has capability to affect cell differentiation and development and has potentially harmful effect on organisms because of its unexpected impact on apoptosis. © 2015 Wiley Periodicals, Inc. Environ Toxicol 31: 1389-1398, 2016.",T017
present,"Nonylphenol diethoxylate inhibits apoptosis induced in PC12 cells Nonylphenol and short-chain nonylphenol ethoxylates such as NP2 EO are present in aquatic environment as wastewater contaminants, and their toxic effects on aquatic species have been reported. Apoptosis has been shown to be induced by serum deprivation or copper treatment. To understand the toxicity of nonylphenol diethoxylate, we investigated the effects of NP2 EO on apoptosis induced by serum deprivation and copper by using PC12 cell system. Nonylphenol diethoxylate itself showed no toxicity and recovered cell viability from apoptosis. In addition, nonylphenol diethoxylate decreased DNA fragmentation caused by apoptosis in PC12 cells. This phenomenon was confirmed after treating apoptotic PC12 cells with nonylphenol diethoxylate, whereas the cytochrome c release into the cytosol decreased as compared to that in apoptotic cells not treated with nonylphenol diethoxylate s. Furthermore, Bax contents in apoptotic cells were reduced after exposure to nonylphenol diethoxylate. Thus, nonylphenol diethoxylate has the opposite effect on apoptosis in PC12 cells compared to nonylphenol, which enhances apoptosis induced by serum deprivation. The difference in structure of the two compounds is hypothesized to be responsible for this phenomenon. These results indicated that nonylphenol diethoxylate has capability to affect cell differentiation and development and has potentially harmful effect on organisms because of its unexpected impact on apoptosis. © 2015 Wiley Periodicals, Inc. Environ Toxicol 31: 1389-1398, 2016.",T033
toxic effects,"Nonylphenol diethoxylate inhibits apoptosis induced in PC12 cells Nonylphenol and short-chain nonylphenol ethoxylates such as NP2 EO are present in aquatic environment as wastewater contaminants, and their toxic effects on aquatic species have been reported. Apoptosis has been shown to be induced by serum deprivation or copper treatment. To understand the toxicity of nonylphenol diethoxylate, we investigated the effects of NP2 EO on apoptosis induced by serum deprivation and copper by using PC12 cell system. Nonylphenol diethoxylate itself showed no toxicity and recovered cell viability from apoptosis. In addition, nonylphenol diethoxylate decreased DNA fragmentation caused by apoptosis in PC12 cells. This phenomenon was confirmed after treating apoptotic PC12 cells with nonylphenol diethoxylate, whereas the cytochrome c release into the cytosol decreased as compared to that in apoptotic cells not treated with nonylphenol diethoxylate s. Furthermore, Bax contents in apoptotic cells were reduced after exposure to nonylphenol diethoxylate. Thus, nonylphenol diethoxylate has the opposite effect on apoptosis in PC12 cells compared to nonylphenol, which enhances apoptosis induced by serum deprivation. The difference in structure of the two compounds is hypothesized to be responsible for this phenomenon. These results indicated that nonylphenol diethoxylate has capability to affect cell differentiation and development and has potentially harmful effect on organisms because of its unexpected impact on apoptosis. © 2015 Wiley Periodicals, Inc. Environ Toxicol 31: 1389-1398, 2016.",T037
Apoptosis,"Nonylphenol diethoxylate inhibits apoptosis induced in PC12 cells Nonylphenol and short-chain nonylphenol ethoxylates such as NP2 EO are present in aquatic environment as wastewater contaminants, and their toxic effects on aquatic species have been reported. Apoptosis has been shown to be induced by serum deprivation or copper treatment. To understand the toxicity of nonylphenol diethoxylate, we investigated the effects of NP2 EO on apoptosis induced by serum deprivation and copper by using PC12 cell system. Nonylphenol diethoxylate itself showed no toxicity and recovered cell viability from apoptosis. In addition, nonylphenol diethoxylate decreased DNA fragmentation caused by apoptosis in PC12 cells. This phenomenon was confirmed after treating apoptotic PC12 cells with nonylphenol diethoxylate, whereas the cytochrome c release into the cytosol decreased as compared to that in apoptotic cells not treated with nonylphenol diethoxylate s. Furthermore, Bax contents in apoptotic cells were reduced after exposure to nonylphenol diethoxylate. Thus, nonylphenol diethoxylate has the opposite effect on apoptosis in PC12 cells compared to nonylphenol, which enhances apoptosis induced by serum deprivation. The difference in structure of the two compounds is hypothesized to be responsible for this phenomenon. These results indicated that nonylphenol diethoxylate has capability to affect cell differentiation and development and has potentially harmful effect on organisms because of its unexpected impact on apoptosis. © 2015 Wiley Periodicals, Inc. Environ Toxicol 31: 1389-1398, 2016.",T038
serum,"Nonylphenol diethoxylate inhibits apoptosis induced in PC12 cells Nonylphenol and short-chain nonylphenol ethoxylates such as NP2 EO are present in aquatic environment as wastewater contaminants, and their toxic effects on aquatic species have been reported. Apoptosis has been shown to be induced by serum deprivation or copper treatment. To understand the toxicity of nonylphenol diethoxylate, we investigated the effects of NP2 EO on apoptosis induced by serum deprivation and copper by using PC12 cell system. Nonylphenol diethoxylate itself showed no toxicity and recovered cell viability from apoptosis. In addition, nonylphenol diethoxylate decreased DNA fragmentation caused by apoptosis in PC12 cells. This phenomenon was confirmed after treating apoptotic PC12 cells with nonylphenol diethoxylate, whereas the cytochrome c release into the cytosol decreased as compared to that in apoptotic cells not treated with nonylphenol diethoxylate s. Furthermore, Bax contents in apoptotic cells were reduced after exposure to nonylphenol diethoxylate. Thus, nonylphenol diethoxylate has the opposite effect on apoptosis in PC12 cells compared to nonylphenol, which enhances apoptosis induced by serum deprivation. The difference in structure of the two compounds is hypothesized to be responsible for this phenomenon. These results indicated that nonylphenol diethoxylate has capability to affect cell differentiation and development and has potentially harmful effect on organisms because of its unexpected impact on apoptosis. © 2015 Wiley Periodicals, Inc. Environ Toxicol 31: 1389-1398, 2016.",T031
copper,"Nonylphenol diethoxylate inhibits apoptosis induced in PC12 cells Nonylphenol and short-chain nonylphenol ethoxylates such as NP2 EO are present in aquatic environment as wastewater contaminants, and their toxic effects on aquatic species have been reported. Apoptosis has been shown to be induced by serum deprivation or copper treatment. To understand the toxicity of nonylphenol diethoxylate, we investigated the effects of NP2 EO on apoptosis induced by serum deprivation and copper by using PC12 cell system. Nonylphenol diethoxylate itself showed no toxicity and recovered cell viability from apoptosis. In addition, nonylphenol diethoxylate decreased DNA fragmentation caused by apoptosis in PC12 cells. This phenomenon was confirmed after treating apoptotic PC12 cells with nonylphenol diethoxylate, whereas the cytochrome c release into the cytosol decreased as compared to that in apoptotic cells not treated with nonylphenol diethoxylate s. Furthermore, Bax contents in apoptotic cells were reduced after exposure to nonylphenol diethoxylate. Thus, nonylphenol diethoxylate has the opposite effect on apoptosis in PC12 cells compared to nonylphenol, which enhances apoptosis induced by serum deprivation. The difference in structure of the two compounds is hypothesized to be responsible for this phenomenon. These results indicated that nonylphenol diethoxylate has capability to affect cell differentiation and development and has potentially harmful effect on organisms because of its unexpected impact on apoptosis. © 2015 Wiley Periodicals, Inc. Environ Toxicol 31: 1389-1398, 2016.",T103
apoptosis,"Nonylphenol diethoxylate inhibits apoptosis induced in PC12 cells Nonylphenol and short-chain nonylphenol ethoxylates such as NP2 EO are present in aquatic environment as wastewater contaminants, and their toxic effects on aquatic species have been reported. Apoptosis has been shown to be induced by serum deprivation or copper treatment. To understand the toxicity of nonylphenol diethoxylate, we investigated the effects of NP2 EO on apoptosis induced by serum deprivation and copper by using PC12 cell system. Nonylphenol diethoxylate itself showed no toxicity and recovered cell viability from apoptosis. In addition, nonylphenol diethoxylate decreased DNA fragmentation caused by apoptosis in PC12 cells. This phenomenon was confirmed after treating apoptotic PC12 cells with nonylphenol diethoxylate, whereas the cytochrome c release into the cytosol decreased as compared to that in apoptotic cells not treated with nonylphenol diethoxylate s. Furthermore, Bax contents in apoptotic cells were reduced after exposure to nonylphenol diethoxylate. Thus, nonylphenol diethoxylate has the opposite effect on apoptosis in PC12 cells compared to nonylphenol, which enhances apoptosis induced by serum deprivation. The difference in structure of the two compounds is hypothesized to be responsible for this phenomenon. These results indicated that nonylphenol diethoxylate has capability to affect cell differentiation and development and has potentially harmful effect on organisms because of its unexpected impact on apoptosis. © 2015 Wiley Periodicals, Inc. Environ Toxicol 31: 1389-1398, 2016.",T038
serum,"Nonylphenol diethoxylate inhibits apoptosis induced in PC12 cells Nonylphenol and short-chain nonylphenol ethoxylates such as NP2 EO are present in aquatic environment as wastewater contaminants, and their toxic effects on aquatic species have been reported. Apoptosis has been shown to be induced by serum deprivation or copper treatment. To understand the toxicity of nonylphenol diethoxylate, we investigated the effects of NP2 EO on apoptosis induced by serum deprivation and copper by using PC12 cell system. Nonylphenol diethoxylate itself showed no toxicity and recovered cell viability from apoptosis. In addition, nonylphenol diethoxylate decreased DNA fragmentation caused by apoptosis in PC12 cells. This phenomenon was confirmed after treating apoptotic PC12 cells with nonylphenol diethoxylate, whereas the cytochrome c release into the cytosol decreased as compared to that in apoptotic cells not treated with nonylphenol diethoxylate s. Furthermore, Bax contents in apoptotic cells were reduced after exposure to nonylphenol diethoxylate. Thus, nonylphenol diethoxylate has the opposite effect on apoptosis in PC12 cells compared to nonylphenol, which enhances apoptosis induced by serum deprivation. The difference in structure of the two compounds is hypothesized to be responsible for this phenomenon. These results indicated that nonylphenol diethoxylate has capability to affect cell differentiation and development and has potentially harmful effect on organisms because of its unexpected impact on apoptosis. © 2015 Wiley Periodicals, Inc. Environ Toxicol 31: 1389-1398, 2016.",T031
copper,"Nonylphenol diethoxylate inhibits apoptosis induced in PC12 cells Nonylphenol and short-chain nonylphenol ethoxylates such as NP2 EO are present in aquatic environment as wastewater contaminants, and their toxic effects on aquatic species have been reported. Apoptosis has been shown to be induced by serum deprivation or copper treatment. To understand the toxicity of nonylphenol diethoxylate, we investigated the effects of NP2 EO on apoptosis induced by serum deprivation and copper by using PC12 cell system. Nonylphenol diethoxylate itself showed no toxicity and recovered cell viability from apoptosis. In addition, nonylphenol diethoxylate decreased DNA fragmentation caused by apoptosis in PC12 cells. This phenomenon was confirmed after treating apoptotic PC12 cells with nonylphenol diethoxylate, whereas the cytochrome c release into the cytosol decreased as compared to that in apoptotic cells not treated with nonylphenol diethoxylate s. Furthermore, Bax contents in apoptotic cells were reduced after exposure to nonylphenol diethoxylate. Thus, nonylphenol diethoxylate has the opposite effect on apoptosis in PC12 cells compared to nonylphenol, which enhances apoptosis induced by serum deprivation. The difference in structure of the two compounds is hypothesized to be responsible for this phenomenon. These results indicated that nonylphenol diethoxylate has capability to affect cell differentiation and development and has potentially harmful effect on organisms because of its unexpected impact on apoptosis. © 2015 Wiley Periodicals, Inc. Environ Toxicol 31: 1389-1398, 2016.",T103
PC12 cell system,"Nonylphenol diethoxylate inhibits apoptosis induced in PC12 cells Nonylphenol and short-chain nonylphenol ethoxylates such as NP2 EO are present in aquatic environment as wastewater contaminants, and their toxic effects on aquatic species have been reported. Apoptosis has been shown to be induced by serum deprivation or copper treatment. To understand the toxicity of nonylphenol diethoxylate, we investigated the effects of NP2 EO on apoptosis induced by serum deprivation and copper by using PC12 cell system. Nonylphenol diethoxylate itself showed no toxicity and recovered cell viability from apoptosis. In addition, nonylphenol diethoxylate decreased DNA fragmentation caused by apoptosis in PC12 cells. This phenomenon was confirmed after treating apoptotic PC12 cells with nonylphenol diethoxylate, whereas the cytochrome c release into the cytosol decreased as compared to that in apoptotic cells not treated with nonylphenol diethoxylate s. Furthermore, Bax contents in apoptotic cells were reduced after exposure to nonylphenol diethoxylate. Thus, nonylphenol diethoxylate has the opposite effect on apoptosis in PC12 cells compared to nonylphenol, which enhances apoptosis induced by serum deprivation. The difference in structure of the two compounds is hypothesized to be responsible for this phenomenon. These results indicated that nonylphenol diethoxylate has capability to affect cell differentiation and development and has potentially harmful effect on organisms because of its unexpected impact on apoptosis. © 2015 Wiley Periodicals, Inc. Environ Toxicol 31: 1389-1398, 2016.",T017
cell viability,"Nonylphenol diethoxylate inhibits apoptosis induced in PC12 cells Nonylphenol and short-chain nonylphenol ethoxylates such as NP2 EO are present in aquatic environment as wastewater contaminants, and their toxic effects on aquatic species have been reported. Apoptosis has been shown to be induced by serum deprivation or copper treatment. To understand the toxicity of nonylphenol diethoxylate, we investigated the effects of NP2 EO on apoptosis induced by serum deprivation and copper by using PC12 cell system. Nonylphenol diethoxylate itself showed no toxicity and recovered cell viability from apoptosis. In addition, nonylphenol diethoxylate decreased DNA fragmentation caused by apoptosis in PC12 cells. This phenomenon was confirmed after treating apoptotic PC12 cells with nonylphenol diethoxylate, whereas the cytochrome c release into the cytosol decreased as compared to that in apoptotic cells not treated with nonylphenol diethoxylate s. Furthermore, Bax contents in apoptotic cells were reduced after exposure to nonylphenol diethoxylate. Thus, nonylphenol diethoxylate has the opposite effect on apoptosis in PC12 cells compared to nonylphenol, which enhances apoptosis induced by serum deprivation. The difference in structure of the two compounds is hypothesized to be responsible for this phenomenon. These results indicated that nonylphenol diethoxylate has capability to affect cell differentiation and development and has potentially harmful effect on organisms because of its unexpected impact on apoptosis. © 2015 Wiley Periodicals, Inc. Environ Toxicol 31: 1389-1398, 2016.",T038
apoptosis,"Nonylphenol diethoxylate inhibits apoptosis induced in PC12 cells Nonylphenol and short-chain nonylphenol ethoxylates such as NP2 EO are present in aquatic environment as wastewater contaminants, and their toxic effects on aquatic species have been reported. Apoptosis has been shown to be induced by serum deprivation or copper treatment. To understand the toxicity of nonylphenol diethoxylate, we investigated the effects of NP2 EO on apoptosis induced by serum deprivation and copper by using PC12 cell system. Nonylphenol diethoxylate itself showed no toxicity and recovered cell viability from apoptosis. In addition, nonylphenol diethoxylate decreased DNA fragmentation caused by apoptosis in PC12 cells. This phenomenon was confirmed after treating apoptotic PC12 cells with nonylphenol diethoxylate, whereas the cytochrome c release into the cytosol decreased as compared to that in apoptotic cells not treated with nonylphenol diethoxylate s. Furthermore, Bax contents in apoptotic cells were reduced after exposure to nonylphenol diethoxylate. Thus, nonylphenol diethoxylate has the opposite effect on apoptosis in PC12 cells compared to nonylphenol, which enhances apoptosis induced by serum deprivation. The difference in structure of the two compounds is hypothesized to be responsible for this phenomenon. These results indicated that nonylphenol diethoxylate has capability to affect cell differentiation and development and has potentially harmful effect on organisms because of its unexpected impact on apoptosis. © 2015 Wiley Periodicals, Inc. Environ Toxicol 31: 1389-1398, 2016.",T038
DNA fragmentation,"Nonylphenol diethoxylate inhibits apoptosis induced in PC12 cells Nonylphenol and short-chain nonylphenol ethoxylates such as NP2 EO are present in aquatic environment as wastewater contaminants, and their toxic effects on aquatic species have been reported. Apoptosis has been shown to be induced by serum deprivation or copper treatment. To understand the toxicity of nonylphenol diethoxylate, we investigated the effects of NP2 EO on apoptosis induced by serum deprivation and copper by using PC12 cell system. Nonylphenol diethoxylate itself showed no toxicity and recovered cell viability from apoptosis. In addition, nonylphenol diethoxylate decreased DNA fragmentation caused by apoptosis in PC12 cells. This phenomenon was confirmed after treating apoptotic PC12 cells with nonylphenol diethoxylate, whereas the cytochrome c release into the cytosol decreased as compared to that in apoptotic cells not treated with nonylphenol diethoxylate s. Furthermore, Bax contents in apoptotic cells were reduced after exposure to nonylphenol diethoxylate. Thus, nonylphenol diethoxylate has the opposite effect on apoptosis in PC12 cells compared to nonylphenol, which enhances apoptosis induced by serum deprivation. The difference in structure of the two compounds is hypothesized to be responsible for this phenomenon. These results indicated that nonylphenol diethoxylate has capability to affect cell differentiation and development and has potentially harmful effect on organisms because of its unexpected impact on apoptosis. © 2015 Wiley Periodicals, Inc. Environ Toxicol 31: 1389-1398, 2016.",T038
apoptosis,"Nonylphenol diethoxylate inhibits apoptosis induced in PC12 cells Nonylphenol and short-chain nonylphenol ethoxylates such as NP2 EO are present in aquatic environment as wastewater contaminants, and their toxic effects on aquatic species have been reported. Apoptosis has been shown to be induced by serum deprivation or copper treatment. To understand the toxicity of nonylphenol diethoxylate, we investigated the effects of NP2 EO on apoptosis induced by serum deprivation and copper by using PC12 cell system. Nonylphenol diethoxylate itself showed no toxicity and recovered cell viability from apoptosis. In addition, nonylphenol diethoxylate decreased DNA fragmentation caused by apoptosis in PC12 cells. This phenomenon was confirmed after treating apoptotic PC12 cells with nonylphenol diethoxylate, whereas the cytochrome c release into the cytosol decreased as compared to that in apoptotic cells not treated with nonylphenol diethoxylate s. Furthermore, Bax contents in apoptotic cells were reduced after exposure to nonylphenol diethoxylate. Thus, nonylphenol diethoxylate has the opposite effect on apoptosis in PC12 cells compared to nonylphenol, which enhances apoptosis induced by serum deprivation. The difference in structure of the two compounds is hypothesized to be responsible for this phenomenon. These results indicated that nonylphenol diethoxylate has capability to affect cell differentiation and development and has potentially harmful effect on organisms because of its unexpected impact on apoptosis. © 2015 Wiley Periodicals, Inc. Environ Toxicol 31: 1389-1398, 2016.",T038
PC12 cells,"Nonylphenol diethoxylate inhibits apoptosis induced in PC12 cells Nonylphenol and short-chain nonylphenol ethoxylates such as NP2 EO are present in aquatic environment as wastewater contaminants, and their toxic effects on aquatic species have been reported. Apoptosis has been shown to be induced by serum deprivation or copper treatment. To understand the toxicity of nonylphenol diethoxylate, we investigated the effects of NP2 EO on apoptosis induced by serum deprivation and copper by using PC12 cell system. Nonylphenol diethoxylate itself showed no toxicity and recovered cell viability from apoptosis. In addition, nonylphenol diethoxylate decreased DNA fragmentation caused by apoptosis in PC12 cells. This phenomenon was confirmed after treating apoptotic PC12 cells with nonylphenol diethoxylate, whereas the cytochrome c release into the cytosol decreased as compared to that in apoptotic cells not treated with nonylphenol diethoxylate s. Furthermore, Bax contents in apoptotic cells were reduced after exposure to nonylphenol diethoxylate. Thus, nonylphenol diethoxylate has the opposite effect on apoptosis in PC12 cells compared to nonylphenol, which enhances apoptosis induced by serum deprivation. The difference in structure of the two compounds is hypothesized to be responsible for this phenomenon. These results indicated that nonylphenol diethoxylate has capability to affect cell differentiation and development and has potentially harmful effect on organisms because of its unexpected impact on apoptosis. © 2015 Wiley Periodicals, Inc. Environ Toxicol 31: 1389-1398, 2016.",T017
PC12 cells,"Nonylphenol diethoxylate inhibits apoptosis induced in PC12 cells Nonylphenol and short-chain nonylphenol ethoxylates such as NP2 EO are present in aquatic environment as wastewater contaminants, and their toxic effects on aquatic species have been reported. Apoptosis has been shown to be induced by serum deprivation or copper treatment. To understand the toxicity of nonylphenol diethoxylate, we investigated the effects of NP2 EO on apoptosis induced by serum deprivation and copper by using PC12 cell system. Nonylphenol diethoxylate itself showed no toxicity and recovered cell viability from apoptosis. In addition, nonylphenol diethoxylate decreased DNA fragmentation caused by apoptosis in PC12 cells. This phenomenon was confirmed after treating apoptotic PC12 cells with nonylphenol diethoxylate, whereas the cytochrome c release into the cytosol decreased as compared to that in apoptotic cells not treated with nonylphenol diethoxylate s. Furthermore, Bax contents in apoptotic cells were reduced after exposure to nonylphenol diethoxylate. Thus, nonylphenol diethoxylate has the opposite effect on apoptosis in PC12 cells compared to nonylphenol, which enhances apoptosis induced by serum deprivation. The difference in structure of the two compounds is hypothesized to be responsible for this phenomenon. These results indicated that nonylphenol diethoxylate has capability to affect cell differentiation and development and has potentially harmful effect on organisms because of its unexpected impact on apoptosis. © 2015 Wiley Periodicals, Inc. Environ Toxicol 31: 1389-1398, 2016.",T017
cytochrome c,"Nonylphenol diethoxylate inhibits apoptosis induced in PC12 cells Nonylphenol and short-chain nonylphenol ethoxylates such as NP2 EO are present in aquatic environment as wastewater contaminants, and their toxic effects on aquatic species have been reported. Apoptosis has been shown to be induced by serum deprivation or copper treatment. To understand the toxicity of nonylphenol diethoxylate, we investigated the effects of NP2 EO on apoptosis induced by serum deprivation and copper by using PC12 cell system. Nonylphenol diethoxylate itself showed no toxicity and recovered cell viability from apoptosis. In addition, nonylphenol diethoxylate decreased DNA fragmentation caused by apoptosis in PC12 cells. This phenomenon was confirmed after treating apoptotic PC12 cells with nonylphenol diethoxylate, whereas the cytochrome c release into the cytosol decreased as compared to that in apoptotic cells not treated with nonylphenol diethoxylate s. Furthermore, Bax contents in apoptotic cells were reduced after exposure to nonylphenol diethoxylate. Thus, nonylphenol diethoxylate has the opposite effect on apoptosis in PC12 cells compared to nonylphenol, which enhances apoptosis induced by serum deprivation. The difference in structure of the two compounds is hypothesized to be responsible for this phenomenon. These results indicated that nonylphenol diethoxylate has capability to affect cell differentiation and development and has potentially harmful effect on organisms because of its unexpected impact on apoptosis. © 2015 Wiley Periodicals, Inc. Environ Toxicol 31: 1389-1398, 2016.",T103
cytosol,"Nonylphenol diethoxylate inhibits apoptosis induced in PC12 cells Nonylphenol and short-chain nonylphenol ethoxylates such as NP2 EO are present in aquatic environment as wastewater contaminants, and their toxic effects on aquatic species have been reported. Apoptosis has been shown to be induced by serum deprivation or copper treatment. To understand the toxicity of nonylphenol diethoxylate, we investigated the effects of NP2 EO on apoptosis induced by serum deprivation and copper by using PC12 cell system. Nonylphenol diethoxylate itself showed no toxicity and recovered cell viability from apoptosis. In addition, nonylphenol diethoxylate decreased DNA fragmentation caused by apoptosis in PC12 cells. This phenomenon was confirmed after treating apoptotic PC12 cells with nonylphenol diethoxylate, whereas the cytochrome c release into the cytosol decreased as compared to that in apoptotic cells not treated with nonylphenol diethoxylate s. Furthermore, Bax contents in apoptotic cells were reduced after exposure to nonylphenol diethoxylate. Thus, nonylphenol diethoxylate has the opposite effect on apoptosis in PC12 cells compared to nonylphenol, which enhances apoptosis induced by serum deprivation. The difference in structure of the two compounds is hypothesized to be responsible for this phenomenon. These results indicated that nonylphenol diethoxylate has capability to affect cell differentiation and development and has potentially harmful effect on organisms because of its unexpected impact on apoptosis. © 2015 Wiley Periodicals, Inc. Environ Toxicol 31: 1389-1398, 2016.",T017
apoptotic cells,"Nonylphenol diethoxylate inhibits apoptosis induced in PC12 cells Nonylphenol and short-chain nonylphenol ethoxylates such as NP2 EO are present in aquatic environment as wastewater contaminants, and their toxic effects on aquatic species have been reported. Apoptosis has been shown to be induced by serum deprivation or copper treatment. To understand the toxicity of nonylphenol diethoxylate, we investigated the effects of NP2 EO on apoptosis induced by serum deprivation and copper by using PC12 cell system. Nonylphenol diethoxylate itself showed no toxicity and recovered cell viability from apoptosis. In addition, nonylphenol diethoxylate decreased DNA fragmentation caused by apoptosis in PC12 cells. This phenomenon was confirmed after treating apoptotic PC12 cells with nonylphenol diethoxylate, whereas the cytochrome c release into the cytosol decreased as compared to that in apoptotic cells not treated with nonylphenol diethoxylate s. Furthermore, Bax contents in apoptotic cells were reduced after exposure to nonylphenol diethoxylate. Thus, nonylphenol diethoxylate has the opposite effect on apoptosis in PC12 cells compared to nonylphenol, which enhances apoptosis induced by serum deprivation. The difference in structure of the two compounds is hypothesized to be responsible for this phenomenon. These results indicated that nonylphenol diethoxylate has capability to affect cell differentiation and development and has potentially harmful effect on organisms because of its unexpected impact on apoptosis. © 2015 Wiley Periodicals, Inc. Environ Toxicol 31: 1389-1398, 2016.",T017
Bax,"Nonylphenol diethoxylate inhibits apoptosis induced in PC12 cells Nonylphenol and short-chain nonylphenol ethoxylates such as NP2 EO are present in aquatic environment as wastewater contaminants, and their toxic effects on aquatic species have been reported. Apoptosis has been shown to be induced by serum deprivation or copper treatment. To understand the toxicity of nonylphenol diethoxylate, we investigated the effects of NP2 EO on apoptosis induced by serum deprivation and copper by using PC12 cell system. Nonylphenol diethoxylate itself showed no toxicity and recovered cell viability from apoptosis. In addition, nonylphenol diethoxylate decreased DNA fragmentation caused by apoptosis in PC12 cells. This phenomenon was confirmed after treating apoptotic PC12 cells with nonylphenol diethoxylate, whereas the cytochrome c release into the cytosol decreased as compared to that in apoptotic cells not treated with nonylphenol diethoxylate s. Furthermore, Bax contents in apoptotic cells were reduced after exposure to nonylphenol diethoxylate. Thus, nonylphenol diethoxylate has the opposite effect on apoptosis in PC12 cells compared to nonylphenol, which enhances apoptosis induced by serum deprivation. The difference in structure of the two compounds is hypothesized to be responsible for this phenomenon. These results indicated that nonylphenol diethoxylate has capability to affect cell differentiation and development and has potentially harmful effect on organisms because of its unexpected impact on apoptosis. © 2015 Wiley Periodicals, Inc. Environ Toxicol 31: 1389-1398, 2016.",T103
apoptotic cells,"Nonylphenol diethoxylate inhibits apoptosis induced in PC12 cells Nonylphenol and short-chain nonylphenol ethoxylates such as NP2 EO are present in aquatic environment as wastewater contaminants, and their toxic effects on aquatic species have been reported. Apoptosis has been shown to be induced by serum deprivation or copper treatment. To understand the toxicity of nonylphenol diethoxylate, we investigated the effects of NP2 EO on apoptosis induced by serum deprivation and copper by using PC12 cell system. Nonylphenol diethoxylate itself showed no toxicity and recovered cell viability from apoptosis. In addition, nonylphenol diethoxylate decreased DNA fragmentation caused by apoptosis in PC12 cells. This phenomenon was confirmed after treating apoptotic PC12 cells with nonylphenol diethoxylate, whereas the cytochrome c release into the cytosol decreased as compared to that in apoptotic cells not treated with nonylphenol diethoxylate s. Furthermore, Bax contents in apoptotic cells were reduced after exposure to nonylphenol diethoxylate. Thus, nonylphenol diethoxylate has the opposite effect on apoptosis in PC12 cells compared to nonylphenol, which enhances apoptosis induced by serum deprivation. The difference in structure of the two compounds is hypothesized to be responsible for this phenomenon. These results indicated that nonylphenol diethoxylate has capability to affect cell differentiation and development and has potentially harmful effect on organisms because of its unexpected impact on apoptosis. © 2015 Wiley Periodicals, Inc. Environ Toxicol 31: 1389-1398, 2016.",T017
apoptosis,"Nonylphenol diethoxylate inhibits apoptosis induced in PC12 cells Nonylphenol and short-chain nonylphenol ethoxylates such as NP2 EO are present in aquatic environment as wastewater contaminants, and their toxic effects on aquatic species have been reported. Apoptosis has been shown to be induced by serum deprivation or copper treatment. To understand the toxicity of nonylphenol diethoxylate, we investigated the effects of NP2 EO on apoptosis induced by serum deprivation and copper by using PC12 cell system. Nonylphenol diethoxylate itself showed no toxicity and recovered cell viability from apoptosis. In addition, nonylphenol diethoxylate decreased DNA fragmentation caused by apoptosis in PC12 cells. This phenomenon was confirmed after treating apoptotic PC12 cells with nonylphenol diethoxylate, whereas the cytochrome c release into the cytosol decreased as compared to that in apoptotic cells not treated with nonylphenol diethoxylate s. Furthermore, Bax contents in apoptotic cells were reduced after exposure to nonylphenol diethoxylate. Thus, nonylphenol diethoxylate has the opposite effect on apoptosis in PC12 cells compared to nonylphenol, which enhances apoptosis induced by serum deprivation. The difference in structure of the two compounds is hypothesized to be responsible for this phenomenon. These results indicated that nonylphenol diethoxylate has capability to affect cell differentiation and development and has potentially harmful effect on organisms because of its unexpected impact on apoptosis. © 2015 Wiley Periodicals, Inc. Environ Toxicol 31: 1389-1398, 2016.",T038
PC12 cells,"Nonylphenol diethoxylate inhibits apoptosis induced in PC12 cells Nonylphenol and short-chain nonylphenol ethoxylates such as NP2 EO are present in aquatic environment as wastewater contaminants, and their toxic effects on aquatic species have been reported. Apoptosis has been shown to be induced by serum deprivation or copper treatment. To understand the toxicity of nonylphenol diethoxylate, we investigated the effects of NP2 EO on apoptosis induced by serum deprivation and copper by using PC12 cell system. Nonylphenol diethoxylate itself showed no toxicity and recovered cell viability from apoptosis. In addition, nonylphenol diethoxylate decreased DNA fragmentation caused by apoptosis in PC12 cells. This phenomenon was confirmed after treating apoptotic PC12 cells with nonylphenol diethoxylate, whereas the cytochrome c release into the cytosol decreased as compared to that in apoptotic cells not treated with nonylphenol diethoxylate s. Furthermore, Bax contents in apoptotic cells were reduced after exposure to nonylphenol diethoxylate. Thus, nonylphenol diethoxylate has the opposite effect on apoptosis in PC12 cells compared to nonylphenol, which enhances apoptosis induced by serum deprivation. The difference in structure of the two compounds is hypothesized to be responsible for this phenomenon. These results indicated that nonylphenol diethoxylate has capability to affect cell differentiation and development and has potentially harmful effect on organisms because of its unexpected impact on apoptosis. © 2015 Wiley Periodicals, Inc. Environ Toxicol 31: 1389-1398, 2016.",T017
apoptosis,"Nonylphenol diethoxylate inhibits apoptosis induced in PC12 cells Nonylphenol and short-chain nonylphenol ethoxylates such as NP2 EO are present in aquatic environment as wastewater contaminants, and their toxic effects on aquatic species have been reported. Apoptosis has been shown to be induced by serum deprivation or copper treatment. To understand the toxicity of nonylphenol diethoxylate, we investigated the effects of NP2 EO on apoptosis induced by serum deprivation and copper by using PC12 cell system. Nonylphenol diethoxylate itself showed no toxicity and recovered cell viability from apoptosis. In addition, nonylphenol diethoxylate decreased DNA fragmentation caused by apoptosis in PC12 cells. This phenomenon was confirmed after treating apoptotic PC12 cells with nonylphenol diethoxylate, whereas the cytochrome c release into the cytosol decreased as compared to that in apoptotic cells not treated with nonylphenol diethoxylate s. Furthermore, Bax contents in apoptotic cells were reduced after exposure to nonylphenol diethoxylate. Thus, nonylphenol diethoxylate has the opposite effect on apoptosis in PC12 cells compared to nonylphenol, which enhances apoptosis induced by serum deprivation. The difference in structure of the two compounds is hypothesized to be responsible for this phenomenon. These results indicated that nonylphenol diethoxylate has capability to affect cell differentiation and development and has potentially harmful effect on organisms because of its unexpected impact on apoptosis. © 2015 Wiley Periodicals, Inc. Environ Toxicol 31: 1389-1398, 2016.",T038
serum,"Nonylphenol diethoxylate inhibits apoptosis induced in PC12 cells Nonylphenol and short-chain nonylphenol ethoxylates such as NP2 EO are present in aquatic environment as wastewater contaminants, and their toxic effects on aquatic species have been reported. Apoptosis has been shown to be induced by serum deprivation or copper treatment. To understand the toxicity of nonylphenol diethoxylate, we investigated the effects of NP2 EO on apoptosis induced by serum deprivation and copper by using PC12 cell system. Nonylphenol diethoxylate itself showed no toxicity and recovered cell viability from apoptosis. In addition, nonylphenol diethoxylate decreased DNA fragmentation caused by apoptosis in PC12 cells. This phenomenon was confirmed after treating apoptotic PC12 cells with nonylphenol diethoxylate, whereas the cytochrome c release into the cytosol decreased as compared to that in apoptotic cells not treated with nonylphenol diethoxylate s. Furthermore, Bax contents in apoptotic cells were reduced after exposure to nonylphenol diethoxylate. Thus, nonylphenol diethoxylate has the opposite effect on apoptosis in PC12 cells compared to nonylphenol, which enhances apoptosis induced by serum deprivation. The difference in structure of the two compounds is hypothesized to be responsible for this phenomenon. These results indicated that nonylphenol diethoxylate has capability to affect cell differentiation and development and has potentially harmful effect on organisms because of its unexpected impact on apoptosis. © 2015 Wiley Periodicals, Inc. Environ Toxicol 31: 1389-1398, 2016.",T031
structure,"Nonylphenol diethoxylate inhibits apoptosis induced in PC12 cells Nonylphenol and short-chain nonylphenol ethoxylates such as NP2 EO are present in aquatic environment as wastewater contaminants, and their toxic effects on aquatic species have been reported. Apoptosis has been shown to be induced by serum deprivation or copper treatment. To understand the toxicity of nonylphenol diethoxylate, we investigated the effects of NP2 EO on apoptosis induced by serum deprivation and copper by using PC12 cell system. Nonylphenol diethoxylate itself showed no toxicity and recovered cell viability from apoptosis. In addition, nonylphenol diethoxylate decreased DNA fragmentation caused by apoptosis in PC12 cells. This phenomenon was confirmed after treating apoptotic PC12 cells with nonylphenol diethoxylate, whereas the cytochrome c release into the cytosol decreased as compared to that in apoptotic cells not treated with nonylphenol diethoxylate s. Furthermore, Bax contents in apoptotic cells were reduced after exposure to nonylphenol diethoxylate. Thus, nonylphenol diethoxylate has the opposite effect on apoptosis in PC12 cells compared to nonylphenol, which enhances apoptosis induced by serum deprivation. The difference in structure of the two compounds is hypothesized to be responsible for this phenomenon. These results indicated that nonylphenol diethoxylate has capability to affect cell differentiation and development and has potentially harmful effect on organisms because of its unexpected impact on apoptosis. © 2015 Wiley Periodicals, Inc. Environ Toxicol 31: 1389-1398, 2016.",T082
compounds,"Nonylphenol diethoxylate inhibits apoptosis induced in PC12 cells Nonylphenol and short-chain nonylphenol ethoxylates such as NP2 EO are present in aquatic environment as wastewater contaminants, and their toxic effects on aquatic species have been reported. Apoptosis has been shown to be induced by serum deprivation or copper treatment. To understand the toxicity of nonylphenol diethoxylate, we investigated the effects of NP2 EO on apoptosis induced by serum deprivation and copper by using PC12 cell system. Nonylphenol diethoxylate itself showed no toxicity and recovered cell viability from apoptosis. In addition, nonylphenol diethoxylate decreased DNA fragmentation caused by apoptosis in PC12 cells. This phenomenon was confirmed after treating apoptotic PC12 cells with nonylphenol diethoxylate, whereas the cytochrome c release into the cytosol decreased as compared to that in apoptotic cells not treated with nonylphenol diethoxylate s. Furthermore, Bax contents in apoptotic cells were reduced after exposure to nonylphenol diethoxylate. Thus, nonylphenol diethoxylate has the opposite effect on apoptosis in PC12 cells compared to nonylphenol, which enhances apoptosis induced by serum deprivation. The difference in structure of the two compounds is hypothesized to be responsible for this phenomenon. These results indicated that nonylphenol diethoxylate has capability to affect cell differentiation and development and has potentially harmful effect on organisms because of its unexpected impact on apoptosis. © 2015 Wiley Periodicals, Inc. Environ Toxicol 31: 1389-1398, 2016.",T103
results,"Nonylphenol diethoxylate inhibits apoptosis induced in PC12 cells Nonylphenol and short-chain nonylphenol ethoxylates such as NP2 EO are present in aquatic environment as wastewater contaminants, and their toxic effects on aquatic species have been reported. Apoptosis has been shown to be induced by serum deprivation or copper treatment. To understand the toxicity of nonylphenol diethoxylate, we investigated the effects of NP2 EO on apoptosis induced by serum deprivation and copper by using PC12 cell system. Nonylphenol diethoxylate itself showed no toxicity and recovered cell viability from apoptosis. In addition, nonylphenol diethoxylate decreased DNA fragmentation caused by apoptosis in PC12 cells. This phenomenon was confirmed after treating apoptotic PC12 cells with nonylphenol diethoxylate, whereas the cytochrome c release into the cytosol decreased as compared to that in apoptotic cells not treated with nonylphenol diethoxylate s. Furthermore, Bax contents in apoptotic cells were reduced after exposure to nonylphenol diethoxylate. Thus, nonylphenol diethoxylate has the opposite effect on apoptosis in PC12 cells compared to nonylphenol, which enhances apoptosis induced by serum deprivation. The difference in structure of the two compounds is hypothesized to be responsible for this phenomenon. These results indicated that nonylphenol diethoxylate has capability to affect cell differentiation and development and has potentially harmful effect on organisms because of its unexpected impact on apoptosis. © 2015 Wiley Periodicals, Inc. Environ Toxicol 31: 1389-1398, 2016.",T033
cell differentiation,"Nonylphenol diethoxylate inhibits apoptosis induced in PC12 cells Nonylphenol and short-chain nonylphenol ethoxylates such as NP2 EO are present in aquatic environment as wastewater contaminants, and their toxic effects on aquatic species have been reported. Apoptosis has been shown to be induced by serum deprivation or copper treatment. To understand the toxicity of nonylphenol diethoxylate, we investigated the effects of NP2 EO on apoptosis induced by serum deprivation and copper by using PC12 cell system. Nonylphenol diethoxylate itself showed no toxicity and recovered cell viability from apoptosis. In addition, nonylphenol diethoxylate decreased DNA fragmentation caused by apoptosis in PC12 cells. This phenomenon was confirmed after treating apoptotic PC12 cells with nonylphenol diethoxylate, whereas the cytochrome c release into the cytosol decreased as compared to that in apoptotic cells not treated with nonylphenol diethoxylate s. Furthermore, Bax contents in apoptotic cells were reduced after exposure to nonylphenol diethoxylate. Thus, nonylphenol diethoxylate has the opposite effect on apoptosis in PC12 cells compared to nonylphenol, which enhances apoptosis induced by serum deprivation. The difference in structure of the two compounds is hypothesized to be responsible for this phenomenon. These results indicated that nonylphenol diethoxylate has capability to affect cell differentiation and development and has potentially harmful effect on organisms because of its unexpected impact on apoptosis. © 2015 Wiley Periodicals, Inc. Environ Toxicol 31: 1389-1398, 2016.",T038
development,"Nonylphenol diethoxylate inhibits apoptosis induced in PC12 cells Nonylphenol and short-chain nonylphenol ethoxylates such as NP2 EO are present in aquatic environment as wastewater contaminants, and their toxic effects on aquatic species have been reported. Apoptosis has been shown to be induced by serum deprivation or copper treatment. To understand the toxicity of nonylphenol diethoxylate, we investigated the effects of NP2 EO on apoptosis induced by serum deprivation and copper by using PC12 cell system. Nonylphenol diethoxylate itself showed no toxicity and recovered cell viability from apoptosis. In addition, nonylphenol diethoxylate decreased DNA fragmentation caused by apoptosis in PC12 cells. This phenomenon was confirmed after treating apoptotic PC12 cells with nonylphenol diethoxylate, whereas the cytochrome c release into the cytosol decreased as compared to that in apoptotic cells not treated with nonylphenol diethoxylate s. Furthermore, Bax contents in apoptotic cells were reduced after exposure to nonylphenol diethoxylate. Thus, nonylphenol diethoxylate has the opposite effect on apoptosis in PC12 cells compared to nonylphenol, which enhances apoptosis induced by serum deprivation. The difference in structure of the two compounds is hypothesized to be responsible for this phenomenon. These results indicated that nonylphenol diethoxylate has capability to affect cell differentiation and development and has potentially harmful effect on organisms because of its unexpected impact on apoptosis. © 2015 Wiley Periodicals, Inc. Environ Toxicol 31: 1389-1398, 2016.",T038
harmful effect,"Nonylphenol diethoxylate inhibits apoptosis induced in PC12 cells Nonylphenol and short-chain nonylphenol ethoxylates such as NP2 EO are present in aquatic environment as wastewater contaminants, and their toxic effects on aquatic species have been reported. Apoptosis has been shown to be induced by serum deprivation or copper treatment. To understand the toxicity of nonylphenol diethoxylate, we investigated the effects of NP2 EO on apoptosis induced by serum deprivation and copper by using PC12 cell system. Nonylphenol diethoxylate itself showed no toxicity and recovered cell viability from apoptosis. In addition, nonylphenol diethoxylate decreased DNA fragmentation caused by apoptosis in PC12 cells. This phenomenon was confirmed after treating apoptotic PC12 cells with nonylphenol diethoxylate, whereas the cytochrome c release into the cytosol decreased as compared to that in apoptotic cells not treated with nonylphenol diethoxylate s. Furthermore, Bax contents in apoptotic cells were reduced after exposure to nonylphenol diethoxylate. Thus, nonylphenol diethoxylate has the opposite effect on apoptosis in PC12 cells compared to nonylphenol, which enhances apoptosis induced by serum deprivation. The difference in structure of the two compounds is hypothesized to be responsible for this phenomenon. These results indicated that nonylphenol diethoxylate has capability to affect cell differentiation and development and has potentially harmful effect on organisms because of its unexpected impact on apoptosis. © 2015 Wiley Periodicals, Inc. Environ Toxicol 31: 1389-1398, 2016.",T037
apoptosis,"Nonylphenol diethoxylate inhibits apoptosis induced in PC12 cells Nonylphenol and short-chain nonylphenol ethoxylates such as NP2 EO are present in aquatic environment as wastewater contaminants, and their toxic effects on aquatic species have been reported. Apoptosis has been shown to be induced by serum deprivation or copper treatment. To understand the toxicity of nonylphenol diethoxylate, we investigated the effects of NP2 EO on apoptosis induced by serum deprivation and copper by using PC12 cell system. Nonylphenol diethoxylate itself showed no toxicity and recovered cell viability from apoptosis. In addition, nonylphenol diethoxylate decreased DNA fragmentation caused by apoptosis in PC12 cells. This phenomenon was confirmed after treating apoptotic PC12 cells with nonylphenol diethoxylate, whereas the cytochrome c release into the cytosol decreased as compared to that in apoptotic cells not treated with nonylphenol diethoxylate s. Furthermore, Bax contents in apoptotic cells were reduced after exposure to nonylphenol diethoxylate. Thus, nonylphenol diethoxylate has the opposite effect on apoptosis in PC12 cells compared to nonylphenol, which enhances apoptosis induced by serum deprivation. The difference in structure of the two compounds is hypothesized to be responsible for this phenomenon. These results indicated that nonylphenol diethoxylate has capability to affect cell differentiation and development and has potentially harmful effect on organisms because of its unexpected impact on apoptosis. © 2015 Wiley Periodicals, Inc. Environ Toxicol 31: 1389-1398, 2016.",T038
silicon,"Prevascularized silicon membranes for the enhancement of transport to implanted medical devices Recent advances in drug delivery and sensing devices for in situ applications are limited by the diffusion -limiting foreign body response of fibrous encapsulation. In this study, we fabricated prevascularized synthetic device ports to help mitigate this limitation. Membranes with rectilinear arrays of square pores with widths ranging from 40 to 200 μm were created using materials (50 μm thick double-sided polished silicon) and processes (photolithography and directed reactive ion etching) common in the manufacturing of microfabricated sensors. Vascular endothelial cells responded to membrane geometry by either forming vascular tubes that extended through the pore or completely filling membrane pores after 4 days in culture. Although tube formation began to predominate overgrowth around 75 μm and continued to increase at even larger pore sizes, tubes formed at these large pore sizes were not completely round and had relatively thin walls. Thus, the optimum range of pore size for prevascularization of these membranes was estimated to be 75-100 μm. This study lays the foundation for creating a prevascularized port that can be used to reduce fibrous encapsulation and thus enhance diffusion to implanted medical devices and sensors. © 2015 Wiley Periodicals, Inc. J Biomed Mater Res Part B: Appl Biomater, 104B: 1602-1609, 2016.",T103
